order_execution_datetime,trader,direction,ticker,expiration,contract_details,contract_price,timeframe,comment,success
11/18/2020 6:33 AM,MariaC82,IN,TGT,11/27,170C,1.97,SWING,STOP AT YOUR OWN RISK RISKY AF. MANAGE YOUR OWN RISK,1
11/19/2020 6:34 AM,MariaC82,IN,TGT,11/27,172.5,1.41,SWING,POSSIBLE SCALP STOP AT YOUR OWN RISK RISKY AF. MANAGE YOUR OWN RISK,0
11/20/2020 6:36 AM,MariaC82,IN,WMT,11/27,155C,0.75,SWING,POSSIBLE SCALP STOP AT YOUR OWN RISK . MANAGE YOUR OWN RISK,0
11/20/2020 6:36 AM,MariaC82,IN,TGT,11/27,175C,1.45,SWING,POSSIBLE SCALP STOP AT YOUR OWN RISK MANAGE YOUR OWN RISK. DAY 3 ON TGT.. CAN GET TRICKY,1
11/20/2020 7:04 AM,MariaC82,IN,SNAP,1/15,50C,1.44,SWING,STOP AT YOUR OWN RISK FOLLOWING REPEATER BULLISH FLOW ALERT,1
11/23/2020 6:35 AM,MariaC82,IN,SQ,11/27,205C,3.6,SCALP,POSSIBLE OVERNIGHT SWING STOP AT YOUR OWN RISK RISKY AF,1
11/23/2020 7:38 AM,MariaC82,IN,META,2/19,280C,14.44,SWING,STOP AT YOUR OWN RISK FOLLOWING RAPIDFIRE BULLISH FLOW ALERT,1
11/24/2020 6:43 AM,MariaC82,IN,TGT,11/27,180C,1.44,SCALP,STOP AT YOUR OWN RISK RISKY AF. MANAGE YOUR OWN RISK,0
11/24/2020 6:59 AM,MariaC82,IN,GS,11/27,240C,0.88,SCALP,POSSIBLE OVERNIGHT SWING STOP AT YOUR OWN RISK FOLLOWING RAPIDFIRE BULLISH FLOW ALERT,1
11/27/2020 6:36 AM,MariaC82,IN,PLTR,12/4,40C,3.5,SWING,STOP AT YOUR OWN RISK . *FOLLOWING RAPIDFIRE BULLISH FLOW ALERT**,0
11/30/2020 6:37 AM,MariaC82,IN,NET,12/4,80C,1.21,SWING,POSSIBLE SCALP STOP AT YOUR OWN RISK FOLLOWED ROULETTE AND SWIFT BULLISH FLOW ALERT. CHANGED STRIKE TO 80 FROM 85. DONT TAKE UNLESS WILLLING TO LOSE ALL,0
12/15/2020 6:41 AM,MariaC82,IN,AAPL,12/24,130C,1.17,SWING,POSSIBLE SCALP STOP AT YOUR OWN RISK. FOLLOWING REPEATER BULLISH FLOW ALERT,1
12/16/2020 7:41 AM,MariaC82,IN,DT,2/19,41C,4.59,SWING,STOP AT YOUR OWN RISK FOLLOWING STEADY BULLISH AND REPEATER BULLISH FLOW ALERTS,1
12/17/2020 6:57 AM,MariaC82,IN,MA,12/24,345C,2.29,SWING,STOP AT YOUR OWN RISK FOLLOWING SWIFT AND RAPIDFIRE BULLISH FLOW ALERTS,0
12/17/2020 8:41 AM,MariaC82,IN,FSLY,12/18,100C,1.83,SCALP,STOP AT YOUR OWN RISK RISKY AF!! FOLLOWING REPEATER BULLISH FLOW ALERT. DONT TAKE UNLESS WILLING TO LOSE ALL,1
12/18/2020 7:05 AM,MariaC82,IN,MOMO,2/19,16C,0.63,SWING,STOP AT YOUR OWN RISK FOLLOWED STEADY AND RAPIDFIRE BULLISH FLOW ALERTS,0
12/21/2020 7:06 AM,MariaC82,IN,FEYE,1/15,21C,1.83,SWING,STOP AT YOUR OWN RISK. RISKY AF,1
12/22/2020 6:43 AM,MariaC82,IN,AAPL,12/24,135C,0.82,SCALP,POSSIBLE OVERNIGHT SWING STOP AT YOUR OWN RISK FOLLOWING ALERTS. RISKY AF. DONT TAKE UNLESS WILLING TO LOSE ALL,1
12/22/2020 7:15 AM,MariaC82,IN,CSIQ,12/31,55C,0.9,SWING,STOP AT YOUR OWN RISK FOLLOWED STEADY BULLISH FLOW ALERT,1
12/23/2020 6:54 AM,MariaC82,IN,CSIQ,12/24,56C,1.0,SCALP,STOP AT YOUR OWN RISK. FOLLOWING ROULETTE AND STEADY BULLISH FLOW LAERTS. RISKY AF. DONT TAKE UNLESS WILLING TO LOSE ALL,0
12/28/2020 7:13 AM,MariaC82,IN,DIS,12/31,180C,1.44,SCALP,STOP AT YOUR OWN RISK. RISKY AF. DONT TAKE UNLESS WILLING TO LOSE ALL,0
12/28/2020 7:42 AM,MariaC82,IN,MSFT,1/8,230C,2.14,SWING,STOP AT YOUR OWN RISK FOLLOWING RAPIDFIRE BULLISH FLOW ALERT,1
12/30/2020 6:42 AM,MariaC82,IN,AMAT,1/15,90C,1.42,SWING,STOP AT YOUR OWN RISK FOLLOWED RAPIDFIRE BULLISH FLOW ALERT,1
12/30/2020 7:01 AM,MariaC82,IN,MA,1/15,365C,4.45,SWING,STOP AT YOUR OWN RISK. FOLLOWED RAPIDFIRE BULLISH FLOW ALERT,0
12/31/2020 6:46 AM,MariaC82,IN,DIS,1/8,190C,1.45,SWING,POSSIBLE SCALP STOP AT YOUR OWN RISK FOLLOWED REPEATER BULLISH FLOW ALERT,0
12/31/2020 10:46 AM,MariaC82,IN,DBX,4/16,30C,0.77,SWING,STOP AT YOUR OWN RISK FOLLOWED REPEATER BULLISH FLOW ALERT,1
01/04/2021 7:03 AM,MariaC82,IN,WYNN,1/08,110C,2.36,SCALP,POSSIBLE OVERNIGHT SWING STOP AT YOUR OWN RISK RISKY. FOLLOWING ROULETTE BULLISH FLOW ALERT,0
01/06/2021 6:33 AM,MariaC82,IN,NIO,1/8,55C,2.15,SCALP,STOP AT YOUR OWN RISK FOLLOWING RAPIDFIRE BULISH FLOW ALERT,0
01/06/2021 9:27 AM,MariaC82,IN,STM,2/19,45C,1.25,SWING,STOP AT YOUR OWN RISK FOLLOWED SWIFT BULLISH FLOW ALERT,0
01/06/2021 10:42 AM,MariaC82,IN,NUAN,2/19,47C,2.4,SWING,STOP AT YOUR OWN RISK FOLLOWED STEADY BULLISH FLOW ALERT,0
01/08/2021 7:11 AM,MariaC82,IN,PLTR,1/22,27C,1.28,SWING,STOP AT YOUR OWN RISK FOLLOWED RAPIDFIRE BULLISH FLOW ALERT,1
01/11/2021 7:04 AM,MariaC82,IN,GOGO,3/19,11C,1.4,SWING,STOP AT YOUR OWN RISK FOLLOWED REPEATER BULLISH FLOW ALERT,1
01/13/2021 6:56 AM,MariaC82,IN,PTON,1/15,167.5C,1.68,SCALP,POSSIBLE OVERNIGHT SWING STOP AT YOUR OWN RISK. RISKY AF. DONT TAKE UNLESS WILLING TO LOSE ALL. FOLLOWED RAPIDFIRE ROULETTE AND SWIFT BULLISH FLOW ALERTS,1
01/14/2021 6:40 AM,MariaC82,IN,PTON,1/15,170C,3.4,SCALP,POSSIBLE OVERNIGHT SWING STOP AT YOUR OWN RISK RISKY AF. DONT TAKE UNLESS WILLING TO LOSE ALL. FOLLOWED RAPIDFIRE BULLISH FLOW ALERT,0
01/14/2021 6:58 AM,MariaC82,IN,GM,1/29,52C,1.52,SWING,STOP AT YOUR OWN RISK FOLLOWED REPEATER RAPIDFIRE AND STEADY BULLISH FLOW ALERTS,1
01/19/2021 7:18 AM,MariaC82,IN,SKX,2/19,43C,0.78,SWING,STOP AT YOUR OWN RISK. FOLLOWED RAPIDFIRE AND STEADY BULLISH FLOW ALERTS,0
01/19/2021 7:30 AM,MariaC82,IN,LYFT,1/29,50C,1.14,SWING,POSSIBLE SCALP STOP AT YOUR OWN RISK. FOLLWOED REPEATER AND SWIFT BULLISH FLOW ALERTS\,1
01/20/2021 6:54 AM,MariaC82,IN,UAA,3/19,20C,1.27,SWING,STOP AT YOUR OWN RISK FOLLOWED RAPIDFIRE AND STEADY BULLISH FLOW ALERTS,1
01/21/2021 7:06 AM,MariaC82,IN,TSM,1/22,134C,1.66,SCALP,POSSIBLE OVERNIGHT SWING STOP AT YOUR OWN RISK. RISKY AF. FOLLOWED ROULETTE BULLISH FLOW ALERT,1
01/21/2021 7:37 AM,MariaC82,IN,F,3/19,11C,1.61,SWING,STOP AT YOUR OWN RISK FOLLOWED REPEATER BULLISH FLOW ALERT.. TREAT IT AS A RISKY AF. DONT TAKE UNLESS WILLING TO LOSE ALL,1
01/21/2021 9:00 AM,MariaC82,IN,QTT,2/19,7.5C,7.5,SWING,STOP AT YOUR OWN RISK. CORRECTING PREVIOUS POST. THE STRIKE IS 7.5 NOT 4.5. FOLLOWED STEADY BULLISH FLOW ALERT,0
01/21/2021 9:00 AM,MariaC82,IN,QTT,2/19,7.5C,0.45,SWING,STOP AT YOUR OWN RISK CORRECTING PREVIOUS POST. THE FILL WAS 0.45. FOLLOWED STEADY BULLISH FLOW ALERT,0
01/21/2021 12:18 PM,MariaC82,IN,TSM,2/19,155C,1.28,SWING,STOP AT YOUR OWN RISK  FOLLOWED RAPIDFIRE BULLISH FLOW ALERT,0
01/22/2021 6:48 AM,MariaC82,IN,FSLY,1/29,108C,2.77,SWING,STOP AT YOUR OWN RISK  FOLLOWED STEADY BULLISH FLOW ALERT,1
01/25/2021 6:54 AM,MariaC82,IN,GOGO,2/19,20C,0.5,SWING,STOP AT YOUR OWN RISK FOLLOWED REPEATER BULLISH FLOW ALERT,0
01/25/2021 7:02 AM,MariaC82,IN,NOK,1/21/2022,7C,0.8,SWING,STOP AT YOUR OWN RISK. FOLLOWED REPEATER BULLISH FLOW ALERT,0
01/26/2021 6:57 AM,MariaC82,IN,TJX,3/19,72.5C,1.36,SWING,STOP AT YOUR OWN RISK  FOLLOWED RAPIDFIRE BULLISH FLOW ALERT,1
01/27/2021 6:41 AM,MariaC82,IN,MIK,2/19,22.5C,0.55,SWING,STOP AT YOUR OWN RISK FOLLOWED STEADY & REPEATER BULLISH FLOW ALERTS,0
01/28/2021 9:48 AM,MariaC82,IN,TSM,4/16,140C,6.05,SWING,STOP AT YOUR OWN RISK. FROM TOP FLOW,0
02/02/2021 7:19 AM,MariaC82,IN,CLDR,8/20,17.5C,3.35,SWING,STOP AT YOUR OWN RISK  FOLLOWED STEADY BULLISH FLOW ALERT,0
02/03/2021 9:31 AM,MariaC82,IN,CHWY,2/5,105C,2.05,SCALP,POSSIBLE OVERNIGHT SWING STOP AT YOUR OWN RISK RISKY AF: BUYING HOD. FOLLOWING FLOW,1
02/04/2021 11:39 AM,MariaC82,IN,PYPL,2/19,280C,4.4,SWING,STOP AT YOUR OWN RISK FOLLOWING TOP FLOW,1
02/05/2021 6:49 AM,MariaC82,IN,PINS,2/19,90C,1.25,SWING,STOP AT YOUR OWN RISK. POST ER PLAY,0
02/05/2021 6:49 AM,MariaC82,IN,PINS,2/12,90C,1.25,SWING,STOP AT YOUR OWN RISK CORRECTING PREVIOUS POST.. EXPIRATION IS 2.12 NOT 2.19,0
02/05/2021 7:30 AM,MariaC82,IN,SNAP,2/12,62C,1.01,SWING,STOP AT YOUR OWN RISK  FOLLOWED RAPIDFIRE BULLISH FLOW ALERT,1
02/08/2021 8:48 AM,MariaC82,IN,FLEX,2/12,19.5C,0.6,SCALP,POSSIBLE OVERNIGHT SWING. STOP AT YOUR OWN RISK  FOLLOWING SWIFT & REPEATER BULLISH FLOW ALERTS,0
02/08/2021 12:58 PM,MariaC82,IN,V,6/18,210C,11.75,SWING,STOP AT YOUR OWN RISK  FOLLOWED REPEATER BULLISH FLOW ALERT,1
02/09/2021 6:43 AM,MariaC82,IN,META,2/12,275C,1.08,SCALP,STOP AT YOUR OWN RISK. FOLLOWING RAPIDFIRE BULLISH FLOW ALERT. RISKY AF,1
02/22/2021 6:36 AM,MariaC82,IN,SNAP,3/5,70C,1.79,SWING,STOP AT YOUR OWN RISK. INVESTOR DAY TOMORROW MAKING THIS A RISKY PLAY,1
02/23/2021 6:34 AM,MariaC82,IN,PDD,2/26,197.5C,1.93,SCALP,POSSIBLE OVERNIGHT SWING. STOP AT YOUR OWN RISK  FOLLOWING ROULETTE BULLISH FLOW ALERT. RISKY AF. DONT TAKE UNLESS WILLING TO RISK ALL,0
02/24/2021 7:45 AM,MariaC82,IN,MP,9/17,45C,9.5,SWING,STOP AT YOUR OWN RISK. FOLLOWED LARGE BULLISH FLOW ALERT,1
02/24/2021 8:22 AM,MariaC82,IN,MA,2/26,365C,3.3,SCALP,POSSIBLE OVERNIGHT SWING STOP AT YOUR OWN RISK. FOLLOWED ROULETTE & SWIFT BULLISH FLOW ALERTS,1
02/25/2021 7:23 AM,MariaC82,IN,GEO,4/16,9C,0.5,SWING,STOP AT YOUR OWN RISK FOLLOWING STEADY & REPEATER BULLISH FLOW ALERTS,0
02/26/2021 6:42 AM,MariaC82,IN,FSR,3/5,25C,1.18,SWING,STOP AT YOUR OWN RISK. POST ER PLAY.. LITTLE BIT OF FLOW.. TRADE AT YOUR OWN RISK,1
03/01/2021 6:37 AM,MariaC82,IN,PENN,6/18,130C,14.4,SWING,STOP AT YOUR OWN RISK. FOLLOWING FLOW,1
03/01/2021 7:09 AM,MariaC82,IN,DKNG,3/5,70C,1.25,SCALP,POSSIBLE OVERNIGHT SWING STOP AT YOUR OWN RISK. RISKY AF. DONT TAKE UNLESS WILLING TO LOSE ALL. FOLLOWED REPEATER BULLISH FLOW ALERT,1
03/03/2021 7:26 AM,MariaC82,IN,AA,5/21,35C,1.93,SWING,STOP AT YOUR OWN RISK. FOLLOWED STEADY BULLISH & REPEATER BULLISH FLOW ALERTS,1
03/03/2021 8:15 AM,MariaC82,IN,ROOT,4/16,20C,1.17,SWING,STOP AT YOUR OWN RISK FOLLOWED SWIFT BULLISH FLOW ALERT,0
03/08/2021 6:39 AM,MariaC82,IN,NLOK,4/16,21C,0.98,SWING,STOP AT YOUR OWN RISK. FOLLOWING FLOW,1
03/09/2021 7:08 AM,MariaC82,IN,NUAN,10/15,50C,3.7,SWING,STOP AT YOUR OWN RISK. CORRECTING PREVIOUS POST: EXP IS OCT NOT 3/9. FOLLOWED STEADY BULLISH FLOW ALERT,1
03/09/2021 10:57 AM,MariaC82,IN,MRVL,4/16,50C,1.37,SWING,STOP AT YOUR OWN RISK FOLLOWED REPEATER BULLISH FLOW ALERT. CHANGED STRIKE TO 50 FROM 55,0
03/10/2021 6:49 AM,MariaC82,IN,ATVI,3/12,93C,1.38,SCALP,STOP AT YOUR OWN RISK  RISKY AF. FOLLOWED ROULETTE BULLISH FLOW ALERT. POSSIBLE OVERNIGHT SWING,0
03/10/2021 12:08 PM,MariaC82,IN,BOX,4/16,21C,1.46,SWING,STOP AT YOUR OWN RISK FOLLOWED STEADY BULLISH FLOW ALERT,1
03/11/2021 7:06 AM,MariaC82,IN,SNAP,3/19,61.5C,1.03,SWING,STOP AT YOUR OWN RISK POSSIBLE SCALP. FOLLOWING SWIFT & REPEATER BULLISH FLOW ALERTS,1
03/12/2021 6:46 AM,MariaC82,IN,LC,4/16,17C,0.53,SWING,STOP AT YOUR OWN RISK. FOLLOWED SWIFT  & RAPIDFIRE BULLISH FLOW ALERTS,1
03/15/2021 6:55 AM,MariaC82,IN,NLS,3/19,20C,1.55,SCALP,POSSIBLE OVERNIGHT SWING STOP AT YOUR OWN RISK  FOLLOWD ROULETTE BULLISH FLOW ALERT,1
03/16/2021 6:45 AM,MariaC82,IN,META,3/19,280C,3.35,SCALP,POSSIBLE OVERNIGHT SWING STOP AT YOUR OWN RISK RISKY AF. FOLLOWED RAPIDFIRE BULLISH FLOW ALERT. DONT TAKE UNLESS WILLING TO LOSE ALL,1
03/17/2021 7:29 AM,MariaC82,IN,CCJ,4/16,22C,0.66,SWING,STOP AT YOUR OWN RISK FOLLOWED SWIFT BULLISH FLOW ALERT,0
03/18/2021 7:07 AM,MariaC82,IN,GM,4/16,65C,2.24,SWING,STOP AT YOUR OWN RISK FOLLOWED RAPIDFIRE BULLISH FLOW ALERT,0
03/18/2021 8:46 AM,MariaC82,IN,MA,10/15,390C,25.43,SWING,STOP AT YOUR OWN RISK. FOLLOWED LARGE STEADY & RAPIDFIRE BULLISH FLOW ALERTS,0
03/22/2021 7:07 AM,MariaC82,IN,BOX,4/16,24C,1.55,SWING,STOP AT YOUR OWN RISK. FOLLOWED RAPIDFIRE BULLISH FLOW ALERT,0
03/24/2021 7:07 AM,MariaC82,IN,UWMC,6/18,10C,0.75,SWING,STOP AT YOUR OWN RISK. CORRECTING PREVIOUS POST AGAIN: FOLLOWED REPEATER BULLISH FLOW ALERT. CHANGED STRIKE/EXP TO JUNE 10Cs from the April 9Cs,1
03/25/2021 7:34 AM,MariaC82,IN,BOX,1/21,22C,4.6,SWING,STOP AT YOUR OWN RISK. FOLLOWED SWIFT BULLISH FLOW ALERT,0
03/26/2021 7:28 AM,MariaC82,IN,KDP,5/21,35C,1.35,SWING,STOP AT YOUR OWN RISK FOLLOWED STEADY BULLISH FLOW ALERT,0
03/29/2021 8:50 AM,MariaC82,IN,PM,1/21,115C,0.9,SWING,STOP AT YOUR OWN RISK. FOLLOWED SWIFT BULLISH FLOW ALERT,0
03/29/2021 8:50 AM,MariaC82,IN,ATVI,5/21,95C,4.45,SWING,STOP AT YOUR OWN RISK FOLLOWED REPEATER BULLISH FLOW ALERT,0
03/30/2021 9:46 AM,MariaC82,IN,CRWD,6/18,185C,14.0,SWING,STOP AT YOUR OWN RISK  FOLLOWED STEADY BULLISH FLOW ALERT,1
03/30/2021 11:01 AM,MariaC82,IN,TJX,7/16,67.5C,3.55,SWING,STOP AT YOUR OWN RISK. FOLLOWING FLOW,0
03/31/2021 6:47 AM,MariaC82,IN,UA,4/16,18.5C,0.58,SWING,STOP AT YOUR OWN RISK. FOLLOWED STEADY BULLISH FLOW ALERT,0
03/31/2021 6:47 AM,MariaC82,IN,AAPL,4/1,125C,0.15,SCALP,STOP AT YOUR OWN RISK. RISKY AF. FOLLOWED REPEATER BULLISH FLOW ALERT. THIS TRADE IS JUST FOR FUN! DONT TAKE UNLESS WILLING OT LOSE ALL,0
04/06/2021 6:43 AM,MariaC82,IN,SNAP,4/16,60C,1.59,SWING,STOP AT YOUR OWN RISK. FOLLOWED RAPIDFIRE BULLISH FLOW ALERT. CHANGED STRIKE TO 60 FROM 67,1
04/06/2021 6:54 AM,MariaC82,IN,DDOG,5/21,90C,5.1,SWING,STOP AT YOUR OWN RISK. FOLLOWED LARGE BULLISH FLOW ALERT,1
04/08/2021 8:37 AM,MariaC82,IN,UPWK,6/18,55C,3.2,SWING,STOP AT YOUR OWN RISK. FOLLOWED REPEATER BULLISH FLOW ALERT,0
04/09/2021 7:19 AM,MariaC82,IN,META,4/16,315C,4.83,SWING,POSSIBLE SCALP STOP AT YOUR OWN RISK. FOLLOWED REPEATER BULLISH FLOW ALERT,0
04/12/2021 7:03 AM,MariaC82,IN,UBER,4.16,60C,1.09,SCALP,STOP AT YOUR OWN RISK. FOLLOWING RAPIDFIRE BULLISH FLOW ALERT. DONT TAKE UNLESS WILLING TO LOSE ALL,0
04/13/2021 7:03 AM,MariaC82,IN,ABNB,4/16,177.5C,3.0,SCALP,POSSIBLE OVERNIGHT SWING STOP AT YOUR OWN RISK. FOLLOWED ROULETTE BULLISHFLOW ALERT. DONT TAKE UNLESS WILLING OT LOSE ALL,1
04/14/2021 7:20 AM,MariaC82,IN,NTAP,4/16,75.5C,1.0,SCALP,STOP AT YOUR OWN RISK. FOLLOWING STEADY AND ROULETTE BULLISH FLOW ALERTS. RISKY AF. DONT TAKE UNLESS WILLINGTO LOSE ALL,1
04/16/2021 10:28 AM,MariaC82,IN,GPS,4/23,33C,0.63,SWING,STOP AT YOUR OWN RISK. FOLLOWED STEADY BULLISH FLOW ALERT,1
04/16/2021 12:00 PM,MariaC82,IN,UPS,7/16,185C,5.85,SWING,STOP AT YOUR OWN RISK. FOLLOWED REPEATER BULLISH FLOW ALERT,1
04/19/2021 7:31 AM,MariaC82,IN,DBX,4/23,26.5C,0.48,SCALP,POSSIBLE OVERNIGHT SWING STOP AT YOUR OWN RISK STEADY BULLISH,0
04/20/2021 6:43 AM,MariaC82,IN,FSR,4/30,14C,1.32,SWING,POSSIBLE SCALP STOP AT YOUR OWN RISK. RAPIDFIRE BULLISH FLOW ALERT,1
04/20/2021 12:42 PM,MariaC82,IN,MU,7/16,85C,8.3,SWING,STOP AT YOUR OWN RISK. LARGE BULLISH & STEADY BULLISH FLOW ALERTS,0
04/21/2021 8:06 AM,MariaC82,IN,TEAM,9/17,240C,17.8,SWING,STOP AT YOUR OWN RISK. LARGE BULLISH & STEADY BULLISH FLOW ALERTS,0
04/22/2021 8:58 AM,MariaC82,IN,RUN,5/21,70C,1.29,SWING,STOP AT YOUR OWN RISK. RAPIDFIRE BULLISH FLOW ALERT. RISKY AF. FUTHER OTM THAN I TYPICALLY LIKE,0
04/27/2021 7:03 AM,MariaC82,IN,SWBI,6/18,17.5C,1.95,SWING,STOP AT YOUR OWN RISK. RAPIDFIRE BULLISH FLOW LAERT,1
04/28/2021 6:37 AM,MariaC82,IN,V,4/30,235C,1.01,SCALP,STOP AT YOUR OWN RISK,0
04/29/2021 6:46 AM,MariaC82,IN,META,5/21,335C,5.5,SWING,STOP AT YOUR OWN RISK. STEADY & RAPIDFIRE BULLISH FLOW ALERTS. CHANGED STRIKE TO 335 FROM 347.5. DONT TAKE UNLESS WILLING TO LOSE ALL,0
05/03/2021 6:53 AM,MariaC82,IN,HD,5/7,332.5C,2.17,SWING,POSSIBLE SCALP STOP AT YOUR OWN RISK. FOLLOWED RAPIDFIRE AND ROULETTE BULLILSH FLOW ALERTS,0
05/05/2021 8:09 AM,MariaC82,IN,HOG,5/7,50C,0.65,SCALP,POSSIBLE SWING STOP AT YOUR OWN RISK. ROULETTE & SWIFT BULLISH FLOW ALERT,0
05/07/2021 6:35 AM,MariaC82,IN,NET,5/14,80C,1.4,SWING,STOP AT YOUR OWN RISK. RISKY AF. THIS IS A YOLO PLAY. DONT TAKE UNLESS WILLING TO LOSE ALL,0
05/10/2021 9:25 AM,MariaC82,IN,UAA,5/14,23.5C,0.64,SWING,POSSIBLE SCALP STOP AT YOUR OWN RISK. ROULETTE BULLISH FLOW ALERT,0
05/12/2021 6:46 AM,MariaC82,IN,FUBO,5/21,21C,1.3,SWING,POSSIBLE SCALP STOP AT YOUR OWN RISK. NOT A FLOW PLAY,1
05/17/2021 6:45 AM,MariaC82,IN,HOG,5/21,49C,1.05,SCALP,POSSIBLE SWING STOP AT YOUR OWN RISK. ROULETTE BULLLISH FLOW ALERT. DONT TAKE UNLESS WILLING TO LOSE ALL,1
05/18/2021 6:40 AM,MariaC82,IN,HD,5/21,325C,1.95,SCALP,POSSIBLE SWING STOP AT YOUR OWN RISK. RISKY AF. DONT TAKE UNLESS WILLING TO LOSE ALL,1
05/19/2021 6:33 AM,MariaC82,IN,TGT,5/28,220C,1.64,SWING,STOP AT YOUR OWN RISK. RISKY AF. DONT TAKE UNLESS WILLING TO LOSE ALL. THIS IS A YOLO POST ER PLAY,1
05/20/2021 6:37 AM,MariaC82,IN,DASH,5/21,136C,2.64,SCALP,STOP AT YOUR OWN RISK. ROULETTE BULLISH FLOW ALERT. DONT TAKE UNLESS WILLING TO LOSE ALL ,1
05/25/2021 7:07 AM,MariaC82,IN,META,5/28,330C,2.75,SCALP,POSSIBLE SWING STOP AT YOUR OWN RISK. REPEATER BULLISH FLOW ALERT. RISKY AF. DONT TAKE UNLESS WILLING TO LOSE ALL,0
05/26/2021 6:35 AM,MariaC82,IN,DKS,6/18,100C,1.5,SWING,STOP AT YOUR OWN RISK. POST ER PLAY,1
05/27/2021 6:35 AM,MariaC82,IN,BBY,6/4,125C,1.41,SWING,STOP AT YOUR OWN RISK. POST ER PLAY. TREAT IT LIKE A YOLO PLEASE,0
05/28/2021 6:55 AM,MariaC82,IN,PLTR,8/20,30C,1.19,SWING,STOP AT YOUR OWN RISK. REPEATER BULLISH FLOW ALERT,0
06/02/2021 9:38 AM,MariaC82,IN,TAP,6/18,60C,1.4,SWING,STOP AT YOUR OWN RISK. SWIFT BULLISH FLOW ALERT,1
06/03/2021 7:12 AM,MariaC82,IN,GM,8/20,65C,3.1,SWING,STOP AT YOUR OWN RISK. RAPIDFIRE BULLISH FLOW ALERT,0
06/04/2021 8:04 AM,MariaC82,IN,V,12/17,240C,10.4,SWING,STOP AT YOUR OWN RISK. SWIFT BULLLISH FLOW ALERT,0
06/04/2021 8:30 AM,MariaC82,IN,FUTU,7/16,155C,14.7,SWING,STOP AT YOUR OWN RISK. STEADY BULLISH FLOW ALERT,1
06/07/2021 6:32 AM,MariaC82,IN,DOCU,6/11,240C,5.25,SWING,POSSIBLE SCALP STOP AT YOUR OWN RISK. RAPIDFIRE BULLISH FLOW ALERT,1
06/07/2021 11:39 AM,MariaC82,IN,PTON,6/11,112C,1.97,SWING,POSSIBLE SCALP. STOP AT YOUR OWN RISK. ROULETTE BULLISH. RISKY AF. DONT TAKE UNLESS WILLING TO RISK ALL,1
06/08/2021 7:10 AM,MariaC82,IN,CWH,6/11,40.5C,0.97,SCALP,POSSIBLE SWING STOP AT YOUR OWN RISK. ROULETTE BULLISH FLOW ALERT,1
06/08/2021 7:17 AM,MariaC82,IN,AAPL,6/18,130C,1.01,SWING,STOP AT YOUR OWN RISK. REPEATER BULLISH FLOW ALERT,1
06/08/2021 7:58 AM,MariaC82,IN,EH,7/16,45C,6.3,SWING,STOP AT YOUR OWN RISK. RISKY. STEADY BULLISH FLOW ALERT,0
06/08/2021 9:55 AM,MariaC82,IN,SHAK,7/16,110C,3.6,SWING,STOP AT YOUR OWN RISK. STEADY & REPEATER BULLISH FLOW ALERTS,0
06/08/2021 12:04 PM,MariaC82,IN,WISH,6/18,12.5C,2.3,SWING,STOP AT YOUR OWN RISK. REPEATER BULLISH FLOW ALERT,1
06/09/2021 6:47 AM,MariaC82,IN,MSFT,6/18,260C,1.19,SWING,STOP AT YOUR OWN RISK. REPEATER BULLISH FLOW ALERT. RISKY AF. DONT TAKE UNLESS WILLING TO LOSE ALL,1
06/09/2021 6:56 AM,MariaC82,IN,TRIP,8/20,45C,3.2,SWING,STOP AT YOUR OWN RISK. SWIFT BULLISH FLOW ALERT,0
06/10/2021 8:04 AM,MariaC82,IN,DDOG,6/11,94C,1.06,SCALP,POSSIBLE OVERNIGHT SWING STOP AT YOUR OWN RISK. ROULETTE & STEADY BULLISH FLOW ALERT. RISKY AF. DONT TAKE UNLES WILLING TO LOSE ALL,0
06/14/2021 6:35 AM,MariaC82,IN,SQ,6/18,230C,3.85,SWING,POSSIBLE SCALP STOP AT YOUR OWN RISK. RAPIDFIRE BULLISH FLOW ALERT. RISKY AF. DONT TAKE UNLESS WILLING TO LOSE ALL,1
06/14/2021 7:52 AM,MariaC82,IN,SNAP,6/18,68C,0.65,SWING,POSSIBLE SCALP STOP AT YOUR OWN RISK  ROULETTESWIFT & RAPIDFIRE BULLISH FLOW ALERTS. RISKY PLAY,0
06/14/2021 10:52 AM,MariaC82,IN,EW,11/19,110C,3.8,SWING,STOP AT YOUR OWN RISK. SWIFT BULLISH FLOW ALERT,0
06/15/2021 7:14 AM,MariaC82,IN,WOOF,6/18,30C,0.95,SWING,POSSIBLE SCALP STOP AT YOUR OWN RISK. REPEATER BULLISH FLOW ALERT. RISKY PLAY,0
06/16/2021 6:42 AM,MariaC82,IN,PINS,6/25,75C,0.8,SWING,POSSIBLE SCALP STOP AT YOUR OWN RISK  RAPIDFIRE BULLISH FLOW ALERT,1
06/16/2021 8:41 AM,MariaC82,IN,HOG,7/16,49C,1.55,SWING,STOP AT YOUR OWN RISK. STEADY BULLISH FLOW ALERT,0
06/17/2021 7:50 AM,MariaC82,IN,NET,8/20,100C,9.39,SWING,STOP AT YOUR OWN RISK. **LARGE BULLISH FLOW ALERT. FILLED @ 9.39 & 9.40),1
06/18/2021 7:56 AM,MariaC82,IN,JBLU,8/20,18C,0.92,SWING,STOP AT YOUR OWN RISK. RAPIDFIRE & SWIFT BULLISH FLOW ALERTS,0
06/18/2021 11:16 AM,MariaC82,IN,PHM,8/20,55C,2.7,SWING,STOP AT YOUR OWN RISK. STEADY BULLISH FLOW ALERT,0
06/21/2021 7:29 AM,MariaC82,IN,FTCH,8/20,60C,2.05,SWING,STOP AT YOUR OWN RISK. STEADY & RAPIDFIRE BULLISH FLOW ALERTS,0
06/21/2021 7:45 AM,MariaC82,IN,SWBI,8/20,30C,1.1,SWING,STOP AT YOUR OWN RISK. REPEATER BULLISH.. CHANGED EXP FROM JULY TO AUGUST,1
06/21/2021 12:53 PM,MariaC82,IN,JD,6/25,72.5C,1.12,SWING,STOP AT YOUR OWN RISK. ROULETTE & RAPIDFIRE BULLISH FLOW ALERTS. RISKY AF.,1
06/22/2021 6:38 AM,MariaC82,IN,TWLO,6/25,385C,6.25,SWING,POSSIBLE SCALP STOP AT YOUR OWN RISK ROULETTE BULLISH. RISKY AF. DONT TAKE UNLESS WILLING TOLOSE ALL,1
06/23/2021 7:04 AM,MariaC82,IN,ATVI,11/19,95C,5.55,SWING,STOP AT YOUR OWN RISK. NOT A FLOW ALERTBUT NICE SIZE COMING INTO THAT LINE,0
06/24/2021 6:30 AM,MariaC82,IN,SNAP,6/25,69C,0.9,SCALP,POSSIBLE OVERNIGHT SWING STOP AT YOUR OWN RISK. ROULETTE BULLISH FLOW ALERT. RISKY AF. DONT TAKE UNLESS WILLING TO LOSE ALL,1
06/25/2021 6:49 AM,MariaC82,IN,NKE,7/2,152.5,3.95,SWING,STOP AT YOUR OWN RISK. STEADY BULLISH FLOW ALERT,0
06/25/2021 7:39 AM,MariaC82,IN,SNAP,7/2,69C,1.4,SWING,STOP AT YOUR OWN RISK. RAPIDFIRE BULLISH FLOW ALERT,0
06/28/2021 6:50 AM,MariaC82,IN,AAPL,7/2,136C,0.76,SWING,POSSIBLE SCALP STOP AT YOUR OWN RISK. REPEATER BULLISH FLOW ALERT,1
06/28/2021 8:09 AM,MariaC82,IN,NVDA,7/2,815C,6.7,SWING,POSSIBLE SCALP STOP AT YOUR OWN RISK. ROULETTE BULLISH FLOW ALERT. RISKY AF. DONT TAKE UNLESS WILLING TO LOSE ALL,1
06/29/2021 7:33 AM,MariaC82,IN,CPRI,7/9,56.5C,1.64,SWING,STOP AT YOUR OWN RISK. SWIFT BULLISH FLOW ALERT,0
06/29/2021 10:21 AM,MariaC82,IN,WW,8/20,37.5C,2.35,SWING,STOP AT YOUR OWN RISK. LARGE BULLISH & STEADY BULLISH,0
06/30/2021 6:34 AM,MariaC82,IN,WMT,7/16,141C,1.58,SWING,STOP AT YOUR OWN RISK. STEADY BULLISH FLOW ALERT,1
06/30/2021 7:58 AM,MariaC82,IN,HIMX,7/9,17.5C,0.91,SWING,POSSIBLE SCALP STOP AT YOUR OWN RISK. STEADY BULLISH FLOW ALERT,0
07/01/2021 6:32 AM,MariaC82,IN,DBX,7/16,31.5C,0.77,SWING,STOP AT YOUR OWN RISK. STEADY BULLISH FLOW ALERT,0
07/01/2021 9:26 AM,MariaC82,IN,TPR,7/9,42.5C,0.9,SWING,STOP AT YOUR OWN RISK. SWIFT BULLISH FLOW ALERT,0
07/06/2021 6:47 AM,MariaC82,IN,AAPL,7/9,142C,1.1,SWING,POSSIBLE SCALP STOP AT YOUR OWN RISK. REPEATER BULLISH FLOW ALERT,1
07/06/2021 9:04 AM,MariaC82,IN,GPS,8/20,32C,1.94,SWING,STOP AT YOUR OWN RISK. SWIFT BULLISH FLOW ALERT,0
07/07/2021 6:39 AM,MariaC82,IN,AAPL,7/16,145C,1.53,SWING,STOP AT YOUR OWN RISK. RAPIDFIRE BULLISH FLOW ALERT,1
07/13/2021 6:34 AM,MariaC82,IN,PEP,8/20,155C,1.52,SWING,STOP AT YOUR OWN RISK. POST ER PLAY,1
07/13/2021 6:50 AM,MariaC82,IN,AAPL,7/23,148C,1.51,SWING,STOP AT YOUR OWN RISK. RAPIDFIRE BULLISH FLOW ALERT,1
07/15/2021 8:40 AM,MariaC82,IN,RACE,11/19,210C,11.2,SWING,STOP AT YOUR OWN RISK. OK LOOKING FLOW. RISKY AF. DONT TAKE UNLESS WILLING TO LOSE ALL,0
07/16/2021 9:06 AM,MariaC82,IN,PVH,9/17,105C,4.4,SWING,STOP AT YOUR OWN RISK. STEADY BULLISH FLOW ALERT,0
07/16/2021 9:19 AM,MariaC82,IN,MSFT,7/23,285C,1.5,SWING,STOP AT YOUR OWN RISK  RAPIDFIRE BULLISH FLOW ALERT. RISKY,0
07/19/2021 7:59 AM,MariaC82,IN,AAPL,7/23,144C,1.57,SWING,POSSIBLE SCALP STOP AT YOUR OWN RISK. RISKY AF. DONT TAKE UNLESS WILLING TO LOSE ALL. REPEATER BULLISH FLOW ALERT,1
07/20/2021 6:34 AM,MariaC82,IN,PTON,7/23,130C,1.95,SCALP,POSSIBLE OVERNIGHT SWING STOP AT YOUR OWN RISK. RISKY AF. DONT TAKE UNLESS WILLING TO LOSE ALL,0
07/21/2021 6:57 AM,MariaC82,IN,NVDA,7/23,200C,0.92,SCALP,POSSIBLE OVERNIGHT SWING. STOP AT YOUR OWN RISK. REPEATER BULLISH FLOW ALERT. SUPER RISKY AF. 100% RISK,1
07/23/2021 6:33 AM,MariaC82,IN,SNAP,7/30,80C,1.61,SWING,STOP AT YOUR OWN RISK. RISKY PLAY. POST ER,1
07/26/2021 7:50 AM,MariaC82,IN,NUE,8/6,100C,1.5,SWING,STOP AT YOUR OWN RISK. SWIFT & REPEATER BULLISH FLOW ALERTS,1
07/28/2021 6:49 AM,MariaC82,IN,V,7/30,250C,1.56,SCALP,POSSIBLE OVERNIGHT SWING STOP AT YOUR OWN RISK. RISKY AF. DONT TAKE UNLESS WILLING TO LOSE ALL. POST ER PLAY. NOT A FLOW PLAY,1
07/29/2021 6:36 AM,MariaC82,IN,MA,7/30,395C,2.13,SCALP,STOP AT YOUR OWN RISK. CORRECTING PREVIOUS POST. WRONG STRIKE LISTED. POST ER PLAY. RISKY AF. DONT TAKE UNLESS WILLING TO LOSE ALL,1
07/30/2021 12:05 PM,MariaC82,IN,DDOG,8/20,112C,5.95,SWING,STOP AT YOUR OWN RISK. ER RUN UP PLAY,1
08/02/2021 6:56 AM,MariaC82,IN,AMD,8/6,105C,2.65,SWING,POSSIBLE SCALP STOP AT YOUR OWN RISK. REPEATER BULLISH FLOW ALERT,1
08/03/2021 7:17 AM,MariaC82,IN,HOG,8/6,40C,0.8,SWING,POSSIBLE SCALP STOP AT YOUR OWN RISK. ROULETTE & STEADY BULLISH FLOW ALERTS,0
08/04/2021 6:31 AM,MariaC82,IN,AMD,8/6,116C,2.42,SCALP,POSSIBLE SWING STOP AT YOUR OWN RISK. RIKSY AF. DONT TAKE UNLESSWILLING TO LOSE ALL,1
08/05/2021 6:46 AM,MariaC82,IN,DDOG,8/6,135C,1.8,SCALP,STOP AT YOUR OWN RISK. RISKY AF. DONT TAKE UNLESS WILLING TO LOSE ALL,1
08/06/2021 6:48 AM,MariaC82,IN,ROST,8/13,124C,1.2,SWING,STOP AT YOUR OWN RISK. STEADY BULLISH FLOW ALERT,1
08/09/2021 6:48 AM,MariaC82,IN,AAPL,8/13,148C,0.74,SCALP,STOP AT YOUR OWN RISK. RAPIDFIRE BULLISH FLOW ALERT. RISKY AF,1
08/10/2021 6:36 AM,MariaC82,IN,NUE,9/17,125C,1.23,SWING,STOP AT YOUR OWN RISK. STEADY BULLISH FLOW ALERT. CORRECTING PREV POST,1
08/10/2021 9:03 AM,MariaC82,IN,DDOG,9/17,130C,5.4,SWING,STOP AT YOUR OWN RISK. RAPIDFIRE BULLISH FLOW ALERT,1
08/10/2021 10:32 AM,MariaC82,IN,V,10/15,240C,7.4,SWING,STOP AT YOUR OWN RISK. RAPIDFIRE BULLISH FLOW ALERT,0
08/11/2021 6:40 AM,MariaC82,IN,UPST,8/20,195C,3.2,SWING,STOP AT YOUR OWN RISK. POST ER PLAY. RISKY AF. DONT TAKE UNLESS WILLING TO LOSE ALL,1
08/16/2021 6:35 AM,MariaC82,IN,AAPL,8/20,150C,1.28,SWING,POSSIBLE SCALP STOP AT YOUR OWN RISK. RAPIDFIRE BULLISH FLOW ALERT,1
08/16/2021 8:55 AM,MariaC82,IN,CPRI,8/20,58.5C,1.21,SWING,POSSIBLE SCALP STOP AT YOUR OWN RISK. CORRECTING PREVIOUS POST: ROULETTE & SWIFT BULLISH FLOW ALERTS. RISKY AF. DONT TAKE UNLESS WILLING TO LOSE ALL,0
08/17/2021 10:43 AM,MariaC82,IN,K,3/18,72.5C,1.7,SWING,STOP AT YOUR OWN RISK  STEADY & REPEATER BULLISH FLOW ALERTS,0
08/17/2021 11:06 AM,MariaC82,IN,SNAP,11/19,75C,6.6,SWING,STOP AT YOUR OWN RISK. LARGE BULLISHSTEADY BULLISH & RAPIDFIRE BULLISH FLOW ALERTS,0
08/18/2021 6:36 AM,MariaC82,IN,LOW,8/27,195C,2.35,SWING,STOP AT YOUR OWN RISK. POST ER PLAY. RISKY AF. DONT TAKE UNESS WILLING TO LOSE ALL,1
08/20/2021 6:46 AM,MariaC82,IN,MSFT,8/27,305C,1.84,SWING,STOP AT YOUR OWN RISK. REPEATER BULLISH FLOW ALERT,1
08/23/2021 6:33 AM,MariaC82,IN,LRCX,8/27,590C,7.0,SCALP,STOP AT YOUR OWN RISK. RISKY AF. DONT TAKE UNLESS WILLING TO LOSE ALL. SWIFT &ROULETTE BULLISH FLOW ALERTS,1
08/24/2021 6:32 AM,MariaC82,IN,BBY,9/17,120C,2.68,SWING,POSSIBLE SCALP STOP AT YOUR OWN RISK. POST ER PLAY. DONT TAKE UNLESS WILLING TO LOSE ALL,1
08/25/2021 6:35 AM,MariaC82,IN,DKS,8/27,135C,3.2,SCALP,POSSIBLE OVERNIGHT SWING STOP AT YOUR OWN RISK RISKY AF. DONT TAKE UNLESS WILLING TO LOSE ALL. POST ER PLAY,0
08/26/2021 7:03 AM,MariaC82,IN,PSTG,10/15,25C,1.65,SWING,STOP AT YOUR OWN RISK. STEADY BULLISH FLOW ALERT,0
08/30/2021 6:34 AM,MariaC82,IN,HD,9/3,330C,0.75,SWING,POSSIBLE SCALP STOP AT YOUR OWN RISK. RISKY AF. DONT TAKE UNLESS WILLING TO LOSE ALL,1
08/30/2021 12:59 PM,MariaC82,IN,HD,12/17,340C,8.85,SWING,STOP AT YOUR OWN RISK. SWIFT BULLISH FLOW ALERT,0
09/01/2021 6:32 AM,MariaC82,IN,AAPL,9/10,155C,1.86,SWING,POSSIBLE SCALP STOP AT YOUR OWN RISK. RAPIDFIRE BULLISH FLOW ALERT,1
09/03/2021 7:10 AM,MariaC82,IN,CRM,10/15,270C,7.05,SWING,STOP AT YOUR OWN RISK. RAPIDFIRE BULLISH FLOW ALERT,1
09/21/2021 6:48 AM,MariaC82,IN,META,9/24,360C,3.91,SCALP,POSSIBLE OVERNIGHT SWING STOP AT YOUR OWN RISK. RISKY AF. DONT TAKE UNLESS WILLING TO LOSE ALL. REPEATER BULLISH FLOW ALERT,0
09/27/2021 7:24 AM,MariaC82,IN,PTON,10/15,95C,3.42,SWING,STOP AT YOUR OWN RISK. NICE SIZED FLOW COMING IN. RISKY TRADEPLS MANAGE ACCORDINGLY,0
09/27/2021 9:18 AM,MariaC82,IN,NUE,11/5,120,1.35,SWING,STOP AT YOUR OWN RISK STEADY BULLISH FLOW ALERT,0
09/28/2021 8:33 AM,MariaC82,IN,DDOG,11/15,140C,9.0,SWING,STOP AT YOUR OWN RISK. STEADY & REPEATER BULLISH FLOW ALERTS,0
09/28/2021 8:33 AM,MariaC82,IN,DDOG,11/19,140C,9.0,SWING,STOP AT YOUR OWN RISK. CORRECTING PREV POST. EXP IS 11/19NOT 11/15. STEADY & REPEATER BULLISH FLOW ALERTS,0
09/29/2021 10:45 AM,MariaC82,IN,ZEN,11/19,130C,2.66,SWING,STOP AT YOUR OWN RISK. STEADY BULLISH FLOW ALERT,1
10/04/2021 7:02 AM,MariaC82,IN,GT,1/21,19C,2.1,SWING,STOP AT YOUR OWN RISK. SWIFT BULLISH FLOW ALERT,0
10/05/2021 6:55 AM,MariaC82,IN,FDX,10/8,220C,2.36,SCALP,POSSIBLE OVERNIGHT SWING STOP AT YOUR OWN RISK. ROULETTE BULLISH. RISKY,1
10/07/2021 7:30 AM,MariaC82,IN,GM,12/17,57.5,2.62,SWING,STOP AT YOUR OWN RISK. RAPIDFIRE BULLISH FLOW ALERT. SMALL POSITION,0
10/11/2021 9:18 AM,MariaC82,IN,CROX,11/19,140C,5.34,SWING,STOP AT YOUR OWN RISK FOLLOWING FLOW. ER RUN UP PLAY,1
10/13/2021 12:25 PM,MariaC82,IN,MCD,10/29,245C,2.89,SWING,STOP AT YOUR OWN RISK. LARGE BULLISH FLOW ALERT. ER RUN UP PLAY,0
10/14/2021 9:07 AM,MariaC82,IN,STX,10/22,86C,1.6,SWING,STOP AT YOUR OWN RISK. STEADY BULLISH FLOW ALERT. ER RUN UP. ER CONFIRMED FOR 10.22,1
10/15/2021 9:20 AM,MariaC82,IN,COIN,10/22,300C,2.15,SWING,STOP AT YOUR OWN RISK. RISKY TRADE. FOLLOWED REPEATER BULLISH FLOW ALERT,1
10/19/2021 9:59 AM,MariaC82,IN,MAR,11/5,160C,2.96,SWING,STOP AT YOUR OWN RISK. SWIFT BULLISH & ER RUN UP,1
10/19/2021 12:30 PM,MariaC82,IN,ADI,1/21,170C,12.3,SWING,STOP AT YOUR OWN RISK. RAPIDFIRE BULLISH,0
10/21/2021 7:13 AM,MariaC82,IN,CVS,10/29,89C,0.33,SWING,STOP AT YOUR OWN RISK. RISKY. SWIFT & RAPIDFIRE BULLISH ALERTS. 100% RISK,1
10/21/2021 11:35 AM,MariaC82,IN,TTWO,10/29,182.5C,3.1,SWING,STOP AT YOUR OWN RISK FOLLOWING FLOW. MANAGE YOUR OWN RISK,1
10/22/2021 11:47 AM,MariaC82,IN,SNAP,10/29,57C,1.97,SWING,STOP AT YOUR OWN RISK. LARGE BULLISH. RISKY AF. 100% RISK. IT WILL EITHER WORK OR IT WONT. MANAGE YOUR OWN RISK,0
10/25/2021 7:20 AM,MariaC82,IN,FDX,11/5,245C,1.32,SWING,STOP AT YOUR OWN RISK. SWIFR & RAPIDFIRE BULLISH ON THE 255Cs.. CHANGED STRIKE TO 245C,1
10/25/2021 10:58 AM,MariaC82,IN,DDD,11/5,32C,0.5,SWING,STOP AT YOUR OWN RISK. STEADY BULLISH. ER RUN UP. 100% RISK ON THIS ONE. MANAGE ACCORDINGLY,1
10/26/2021 8:21 AM,MariaC82,IN,NUE,11/19,130C,1.45,SWING,STOP AT YOUR OWN RISK. SWIFT BULLISH,0
10/27/2021 6:43 AM,MariaC82,IN,MSFT,10/29,320C,2.0,SCALP,POSSIBLE OVERNIGHT SWING STOP AT YOUR OWN RISK. RISKY AF. RAPIDFIRE BULLISH,0
11/02/2021 6:51 AM,MariaC82,IN,CLX,11/5,175C,0.6,SCALP,STOP AT YOUR OWN RISK RISKY AF. RAPIDFIRE BULLISH. 100% RISK. MANAGE ACCORDINGLY,0
11/02/2021 11:20 AM,MariaC82,IN,OTLY,3/18,12.5C,2.5,SWING,STOP AT YOUR OWN RISK. SWIFT BULLISH FLOW ALERT,0
11/04/2021 6:35 AM,MariaC82,IN,PENN,11/5,70C,1.33,SCALP,STOP AT YOUR OWN RISK. ROULETTE BULLISH FLOW ALERT. RISKY AF. MANAGE ACCORDINGLY,1
11/08/2021 6:41 AM,MariaC82,IN,TTD,11/12,90C,1.7,SCALP,POSSIBLE OVERNIGHT SWING STOP AT YOUR OWN RISK. SUPER RISKY AF. 100% RISK. DONT TAKE UNLESS WILLING TO LOSE ALL,1
11/09/2021 7:30 AM,MariaC82,IN,UBER,2/18,47.5C,3.34,SWING,STOP AT YOUR OWN RISK. LARGE & RAPIDFIRE BULLISH ,0
11/09/2021 11:58 AM,MariaC82,IN,MCD,12/17,260C,1.9,SWING,STOP AT YOUR OWN RISK. REPEATER BULLISH FLOW ALERT ,0
11/11/2021 6:54 AM,MariaC82,IN,FCX,2/18,50C,1.22,SWING,STOP AT YOUR OWN RISK. STEADY & REPEATER BULLISH FLOW ALERTS ,0
11/12/2021 7:18 AM,MariaC82,IN,FIVE,12/17,220C,7.29,SWING,STOP AT YOUR OWN RISK. LARGE BULLISH ,0
11/16/2021 6:58 AM,MariaC82,IN,TTD,11/19,108C,3.1,SCALP,POSSIBLE OVERNIGHT SWING STOP AT YOUR OWN RISK RISKY AF. 100%RISK. ROULETTE BULLISH FLOW ALERT. DONT TAKE UNLESS WILLING TO LOSE ALL ,1
11/17/2021 7:12 AM,MariaC82,IN,HLT,5/20,145C,12.7,SWING,STOP AT YOUR OWN RISK. STEADY & RAPIDFIRE BULLISH ,0
11/22/2021 6:47 AM,MariaC82,IN,TSM,12/17,125C,4.0,SWING,STOP AT YOUR OWN RISK. STEADY BULLISH FLOW ALERT,0
11/22/2021 6:47 AM,MariaC82,IN,TSM,12/17,128C,4.0,SWING,STOP AT YOUR OWN RISK. CORRECTING PREVIOUS POST. THE STRIKE IS 128 NOT 125. STEADY BULLISH FLOW ALERT ,0
11/23/2021 8:25 AM,MariaC82,IN,DT,2/18,65C,5.32,SWING,STOP AT YOUR OWN RISK. LARGE BULLISH FLOW ALERT ,0
11/26/2021 7:45 AM,MariaC82,IN,AFRM,12/17,135C,11.7,SWING,STOP AT YOUR OWN RISK. LARGE BULLISH & RAPIDFIRE BULLISH ,0
11/30/2021 6:45 AM,MariaC82,IN,LYV,9/16/2022,115C,16.3,SWING,STOP AT YOUR OWN RISK. LARGE BULLISH FLOW ALERT ,0
11/30/2021 9:23 AM,MariaC82,IN,SEAS,3/18,60C,6.8,SWING,STOP AT YOUR OWN RISK. LARGE BULLISH & ALPHA GOLD ,0
12/03/2021 9:28 AM,MariaC82,IN,NOW,2/18,630C,37.6,SWING,STOP AT YOUR OWN RISK. STEADY & RAPIDFIRE BULLISH FLOW ALERTS ,0
12/06/2021 6:46 AM,MariaC82,IN,LAZR,12/23,14.5C,1.0,SWING,STOP AT YOUR OWN RISK STEADY BULLISH ,0
12/06/2021 9:16 AM,MariaC82,IN,DDOG,2/18,175C,12.8,SWING,STOP AT YOUR OWN RISK. FOLLOWING FLOW. HASNT ALERTED YETBUT I LIKE THE FLOW ,0
12/07/2021 8:16 AM,MariaC82,IN,DASH,5/20,180C,21.0,SWING,STOP AT YOUR OWN RISK. NO ALERTBUT I LIKE THE FLOW ,0
12/07/2021 8:51 AM,MariaC82,IN,AAPL,3/18,200C,2.6,SWING,STOP AT YOUR OWN RISK. LARGE & RAPIDFIRE BULLISH FLOW ALERTS ,0
12/16/2021 7:13 AM,MariaC82,IN,SIX,12/17,40C,0.63,SCALP,POSSIBLE OVERNIGHT SWING STOP AT YOUR OWN RISK. ROULETTE & SWFT BULLISH. DONT TAKE UNLESS WILLING TO LOSE ALL ,1
12/16/2021 8:05 AM,MariaC82,IN,MAR,6/17,160C,12.6,SWING,STOP AT YOUR OWN RISK. NO ALERT. LIKE THE FLOW ,0
12/21/2021 6:40 AM,MariaC82,IN,NKE,12/31,175C,1.71,SWING,STOP AT YOUR OWN RISK. RISKY AF. POST ER PLAY. 100% RISK. DONT TAKE UNLESS WILLING TO LOSE ALL ,0
12/22/2021 6:45 AM,MariaC82,IN,PINS,1/21,41C,1.11,SWING,STOP AT YOUR OWN RISK. SWIFT BULLISH FLOW ALERT ,0
12/27/2021 7:44 AM,MariaC82,IN,CROX,1/21,130C,5.7,SWING,STOP AT YOUR OWN RISK. SWIFT BULLISH ,1
12/29/2021 10:48 AM,MariaC82,IN,FTCH,3/18,35C,2.98,SWING,STOP AT YOUR OWN RISK. STEADY &  REPEATER BULLISH ,0
01/03/2022 7:30 AM,MariaC82,IN,JWN,1/21,22C,2.5,SWING,STOP AT YOUR OWN RISK. REPEATER BULLISH ,0
01/03/2022 10:55 AM,MariaC82,IN,DT,5/20,70C,3.64,SWING,STOP AT YOUR OWN RISK. LARGE BULLISH ,0
01/03/2022 12:50 PM,MariaC82,IN,TRIP,3/18,31C,1.72,SWING,STOP AT YOUR OWN RISK. SWIFT BULLISH ,0
01/07/2022 6:50 AM,MariaC82,IN,S,3/18,45C,6.5,SWING,STOP AT YOUR OWN RISK. STEADY BULLISH ,0
01/11/2022 8:49 AM,MariaC82,IN,MGM,3/18,45C,3.49,SWING,STOP AT YOUR OWN RISK. SWIFT & RAPIDFIRE BULLISH FLOW ALERTS ,0
01/13/2022 6:58 AM,MariaC82,IN,EXPE,6/17,190C,21.1,SWING,STOP AT YOUR OWN RISK. LARGE BULLISH ,0
01/18/2022 7:20 AM,MariaC82,IN,SE,1/2,1180C,5.15,SCALP,POSSIBLE OVERNIGHT SWING STOP AT YOUR OWN RISK. RISKY AF. DONT TAKE UNLESS WILLING TO LOSE ALL. ROULETTE & SWIFT BULLISH,0
01/18/2022 7:20 AM,MariaC82,IN,SE,1/21,180C,5.15,SCALP,POSSIBLE OVERNIGHT SWING STOP AT YOUR OWN RISK. CORRECTING PREVIOUS POST. RISKY AF. DONT TAKE UNLESS WILLING TO LOSE ALL. ROULETTE & SWIFT BULLISH MariaC82 — 01/28/2022 9:47 AM,0
02/02/2022 6:37 AM,MariaC82,IN,GOOGL,7/15,4000,17.0,SWING,STOP AT YOUR OWN RISK. RISKY AF CRAZY YOLO. 100% RISK. DO NOT TAKE THIS TRADE UNLESS YOU ARE WILLING TO LOSE IT ALL. ,0
02/04/2022 6:40 AM,MariaC82,IN,SNAP,2/11,38C,1.28,SWING,POSSIBLE SCALP STOP AT YOUR OWN RISK. POST ER PLAY,1
02/08/2022 6:38 AM,MariaC82,IN,HOG,3/18,40C,1.9,SWING,STOP AT YOUR OWN RISK. POST ER PLAY. DONT TAKE UNLESS WILLING TO LOSE ALL. RISKY AF ,1
02/10/2022 6:32 AM,MariaC82,IN,TWLO,2/18,250C,4.6,SWING,POSSIBLE SCALP STOP AT YOUR OWN RISK. YOLO RISKY AF POST ER PLAY. DONT TAKE UNLESS WILLING TO LOSE ALL. ,0
02/10/2022 9:37 AM,MariaC82,IN,LULU,2/18,355C,3.5,SWING,STOP AT YOUR OWN RISK. SWIFT BULLISH ,0
02/17/2022 6:33 AM,MariaC82,IN,GOLD,6/17,24C,1.3,SWING,STOP AT YOUR OWN RISK.  DONT TAKE UNLESS WILLING TO LOSE ALL ,0
02/22/2022 6:37 AM,MariaC82,IN,GDXJ,4/14,44C,2.23,SWING,STOP AT YOUR OWN RISK. FOLLOWING A LITTLE BIT OF FLOW. SMALL POSITION ,0
03/04/2022 7:03 AM,MariaC82,IN,WEAT,3/18,15C,1.5,SWING,. STOP AT YOUR OWN RISK. RISKY AF. DONT TAKE UNLESS WILLING TO LOSE ALL ,0
03/04/2022 10:01 AM,MariaC82,IN,FSLR,5/20,75C,5.75,SWING,STOP AT YOUR OWN RISK. LARGE BULLISH FLOW ALERT ,0
03/07/2022 6:34 AM,MariaC82,IN,VFC,3/11,56C,1.1,SWING.,POSSIBLE SCALP STOP AT YOUR OWN RISK. ROULETTE & STEADY BULLISH ,0
03/08/2022 6:40 AM,MariaC82,IN,CVX,3/11,170C,2.15,SCALP,POSSIBLE SWING STOP AT YOUR OWN RISK. RISKY AF. DONT TAKE UNLESS WILLING TO LOSE ALL ,1
03/09/2022 6:35 AM,MariaC82,IN,BMBL,3/18,25C,1.11,SCALP,POSSIBLE SWING STOP AT YOUR OWN RISK. CORRECTING PREVIOUS POST: FILL PRICE WAS 1.11 NOT 0.90 ,1
03/14/2022 6:38 AM,MariaC82,IN,PFE,3/18,52C,0.74,SCALP,POSSIBLE SWING STOP AT YOUR OWN RISK. FOLLOWING FLOW. RISKY AF. DONT TAKE UNLESS WILLING TO LOSE ALL ,1
03/15/2022 6:34 AM,MariaC82,IN,DAL,3/25,36C,1.17,SCALP,POSSIBLE SWING. STOP AT YOUR OWN RISK ,1
03/17/2022 8:57 AM,MariaC82,IN,CCJ,5/20,25C,4.15,SWING,STOP AT YOUR OWN RISK. LARGE & SWIFT BULLISH ,0
03/18/2022 6:43 AM,MariaC82,IN,DAL,4/14,40C,1.14,SWING,STOP AT YOUR OWN RISK. REPEATER BULLISH,0
03/18/2022 9:59 AM,MariaC82,IN,CROX,4/14,90C,2.45,SWING,STOP AT YOUR OWN RISK. SWIFT BULLISH Deleted User started a thread: MariaC82 . See all threads . — 03/18/2022 10:28 AM Thread MariaC82 2 Messages › There are no recent messages in this thread. ,0
03/21/2022 6:36 AM,MariaC82,IN,AA,3/25,95C,1.11,SCALP,POSSIBLE SWING STOP AT YOUR OWN RISK ROULETTE BULLISH. RISKY AF. DONT TAKE UNLESS WILLING TO LOSE ALL ,1
03/22/2022 7:46 AM,MariaC82,IN,CSX,11/18,37.5C,3.3,SWING,STOP AT YOUR OWN RISK. CORRECTING TICKER FROM PREVIOUS POST. STEADY BULLISH FLOW ,0
03/23/2022 6:35 AM,MariaC82,IN,OXY,3/25,65C,0.82,SCALP,POSSIBLE SWING. RISKY AF.  STOP AT YOUR OWN RISK. DONT TAKE UNLESS WILLING TO LOSE ALL ,0
03/24/2022 7:15 AM,MariaC82,IN,CRM,4/14,225C,2.37,SWING,STOP AT YOUR OWN RISK. STEADY BULLISH. RISKY PLAY ,0
03/30/2022 12:15 PM,MariaC82,IN,SPWR,4/1,20.5C,0.95,SWING,POSSIBLE SCALP STOP AT YOUR OWN RISK. RISKY AF. DONT TAKE UNLESS WILLING TO LOSE ALL. ROULETTE BULLISH ,1
03/31/2022 10:50 AM,MariaC82,IN,MT,5/20,36C,0.85,SWING,STOP AT YOUR OWN RISK. SWIFT & RAPIDFIRE BULLISH ,0
04/01/2022 10:41 AM,MariaC82,IN,LAZR,4/8,16C,0.4,SWING,STOP AT YOUR OWN RISK. STEADY BULLISH. RISKY AF. DONT TAKE UNLESS WILLING TO LOSE ALL ,1
04/06/2022 6:54 AM,MariaC82,IN,OXY,4/8,60C,0.38,SCALP,POSSIBLE SWING STOP AT YOUR OWN RISK. RISKY AF. DONT TAKE UNLESS WILLING TO LOSE ALL. REPEATER BULLISH ,1
04/07/2022 7:05 AM,MariaC82,IN,ZTS,7/15,195C,11.8,SWING,STOP AT YOUR OWN RISK NO ALERT. JUST A LITTLE FLOW. LIKE THE CHART. RISKY AF. DONT TAKE UNLESS WILLING TO LOSE ALL ,0
04/07/2022 7:26 AM,MariaC82,IN,CAH,4/14,59C,0.53,SWING,STOP AT YOUR OWN RISK. STEADY BULLISH ,1
04/11/2022 7:07 AM,MariaC82,IN,TPR,4/14,35C,0.7,SCALP,POSSIBLE SWING. STOP AT YOUR OWN RISK  SWIFT & RAPIDFIRE BULLISH. RISKY AF. ,0
04/13/2022 6:33 AM,MariaC82,IN,DAL,4/22,42C,0.58,SWING,STOP AT YOUR OWN RISK. RISKY AF. DONT TAKE UNLESS WILLING TO LOSE ALL. POST ER PLAY ,1
04/13/2022 6:48 AM,MariaC82,IN,TOST,5/20,20C,2.4,SWING,STOP AT YOUR OWN RISK. SWIFT & RAPIDFIRE BULLISH ,0
04/13/2022 8:20 AM,MariaC82,IN,OXY,7/15,70C,3.23,SWING,STOP AT YOUR OWN RISK. LARGE & SWIFT BULLISH ,0
04/14/2022 6:36 AM,MariaC82,IN,NKE,9/16,135C,7.81,SWING,STOP AT YOUR OWN RISK. SWIFT BULLISH ,0
04/14/2022 12:42 PM,MariaC82,IN,ZEN,10/21,130C,13.7,SWING,STOP AT YOUR OWN RISK. STEADY & LARGE BULLISH ,1
04/19/2022 6:59 AM,MariaC82,IN,NTNX,7/15,20C,8.1,SWING,STOP AT YOUR OWN RISK. LARGE BULLISH ,0
04/19/2022 7:08 AM,MariaC82,IN,AAPL,4/29,172.5C,1.24,SWING,STOP AT YOUR OWN RISK. LARGE BULLISH. RISKY. TAKE AT YOUR OWN RISK. MY RISK IS 100% ON THESE ,1
04/20/2022 7:45 AM,MariaC82,IN,Z,5/20,47C,4.2,SWING,STOP AT YOUR OWN RISK. STEADY BULLISH ,0
04/21/2022 7:11 AM,MariaC82,IN,KBH,5/20,35C,1.69,SWING,STOP AT YOUR OWN RISK. SWIFT BULLISH ,0
04/22/2022 7:08 AM,MariaC82,IN,LAZR,4/29,14.5C,0.38,SWING,STOP AT YOUR OWN RISK. RAPIDFIRE BULLISH,0
04/25/2022 6:50 AM,MariaC82,IN,MTCH,5/20,80C,6.25,SWING,STOP AT YOUR OWN RISK. PRE ER RUN PLAY. RISKY AF. DONT TAKE UNLESS WILLING TO LOSE ALL. 100% RISK ,0
04/25/2022 10:30 AM,MariaC82,IN,AA,1/20,75C,10.45,SWING,STOP AT YOUR OWN RISK. LARGE BULLISH ,0
04/26/2022 6:52 AM,MariaC82,IN,DDOG,4/29,125C,4.3,SWING,POSSIBLE SCALP STOP AT YOUR OWN RISK. RISKY AF. ROULETTE BULLISH. DONT TAKE UNLESS WILLING TO LOSE ALL ,1
04/26/2022 7:52 AM,MariaC82,IN,RUN,8/20,25C,2.25,SWING,STOP AT YOUR OWN RISK. LARGE BULLISH ,0
04/28/2022 6:49 AM,MariaC82,IN,NKE,9/16,125C,10.84,SWING,STOP AT YOUR OWN RISK. NO ALERT. FOLLOWING FLOW ,0
05/03/2022 11:04 AM,MariaC82,IN,CHWY,6/17,35C,2.27,SWING,STOP AT YOUR OWN RISK. NO ALERT..  JUST FOLLOWING FLOW ,0
05/04/2022 6:37 AM,MariaC82,IN,SBUX,5/13,80C,1.74,SWING,STOP AT YOUR OWN RISK. POST ER PLAY. RISKY AF. 100% RISK. DONT TAKE UNLESS WILLING TO LOSE ALL ,1
05/09/2022 6:35 AM,MariaC82,IN,AA,5/13,59C,2.15,SWING,POSSIBLE SCALP STOP AT YOUR OWN RISK. ROULETTE BULLISH. RISKY AF. 100% RISK ,0
05/20/2022 9:31 AM,MariaC82,IN,CL,11/18,80C,2.95,SWING,STOP AT YOUR OWN RISK. LARGE BULLISH ,0
05/26/2022 7:26 AM,MariaC82,IN,NTNX,6/18,18C,1.45,SWING,STOP AT YOUR OWN RISK. STEADY BULLISH. RISKY AF. DONT TAKE UNLESS WILLING TO LOSE ALL ,0
05/26/2022 9:13 AM,MariaC82,IN,DDOG,9/16,95C,14.05,SWING,STOP AT YOUR OWN RISK. STEADY BULLISH ,1
06/01/2022 6:37 AM,MariaC82,IN,CRM,6/17,1.85,4.8,SWING,STOP AT YOUR OWN RISK RISKY AF. DONT TAKE UNLESS WILLING TO LOSE ALL. POST ER PLAY MariaC82 — 06/01/2022 7:33 AM sorry yall.. that shoulda said 185Cs ,0
06/09/2022 6:44 AM,MariaC82,IN,JD,6/10,61.76C,1.2,SWING,POSSIBLE SCALP STOP AT YOUR OWN RISK. ROULETTE BULLISH. RISKY AF. DONT TAKE UNLESS WILLING TO LOSE ALL ,1
06/16/2022 8:13 AM,MariaC82,IN,AMD,6/17,84C,1.34,SCALP,POSSIBLE SWING STOP AT YOUR OWN RISK. RISKY AF. DONT TAKE UNLESS WILLING TO LOSE ALL. ROULETTESWIFTREPEATER BULLISH ,0
06/17/2022 6:52 AM,MariaC82,IN,CF,7/1,91C,3.6,SWING,STOP AT YOUR OWN RISK. STEADY BULLISH ,0
06/22/2022 9:59 AM,MariaC82,IN,SU,9/16,40C,1.5,SWING,STOP AT YOUR OWN RISK. LARGE BULLISH ,0
08/03/2022 7:14 AM,MariaC82,IN,META,8/12,170C,3.95,SWING,STOP AT YOUR OWN RISK. REPEATER BULLISH. DONT TAKE UNLESS WILLING TO LOSE ALL,1
08/10/2022 6:33 AM,MariaC82,IN,TTD,8/19,75C,1.75,SWING,STOP AT YOUR OWN RISK. DONT TAKE UNLESS WILLING TO LOSE ALL. NOT A FLOW PLAY. JUST A POST ER PLAY ,1
08/11/2022 6:48 AM,MariaC82,IN,NKE,8/12,116C,1.05,SCALP,POSSIBLE SWING STOP AT YOUR OWN RISK. ROULETTE & SWIFT BULLISH FLOW ALERTS. 100% RISK. WILLING TO LOSE ALL,0
08/11/2022 6:48 AM,MariaC82,IN,MRK,11/18,90C,3.9,SWING,STOP AT YOUR OWN RISK LARGE BULLISH ,0
08/12/2022 8:39 AM,MariaC82,IN,SBUX,12/16,87.5C,6.5,SWING,STOP AT YOUR OWN RISK. LARGE BULLISH ,0
08/15/2022 8:08 AM,MariaC82,IN,GT,12/16,17C,1.33,SWING,STOP AT YOUR OWN RISK. FOLLOWING FLOW. NO ALERT YET. PLS TREAT AS RISKY AF ,0
08/25/2022 7:23 AM,MariaC82,IN,TCOM,12/16,30C,3.3,SWING,STOP AT YOUR OWN RISK. SWIFT & RAPIDFIRE BULLISH ,0
09/02/2022 6:39 AM,MariaC82,IN,LULU,9/9,335C,6.53,SWING,STOP AT YOUR OWN RISK. SMALL POSITION. RISKY AF. DONT TAKE UNLESS WILLING TO LOSE ALL. 100% RISK. NOT A FLOW PLAY. JUST A POST ER PLAY ,0
09/02/2022 6:50 AM,MariaC82,IN,LULU,9/9,330C,6.53,SWING,STOP AT YOUR OWN RISK CORRECTING PREVIOUS POST: I BOUGHT 330Cs FOR NEXT WEEKNOT 335Cs. MALL POSITION. RISKY AF. DONT TAKE UNLESS WILLING TO LOSE ALL. 100% RISK. NOT A FLOW PLAY. JUST A POST ER PLAY ,1
09/08/2022 6:43 AM,MariaC82,IN,FSLR,9/9,140C,1.85,SCALP,POSSIBLE OVERNIGHT SWING STOP AT YOUR OWN RISK. ROULETTE BULLISH. RISKY AF. 100% RISK ,0
09/08/2022 9:59 AM,MariaC82,IN,AAPL,9/30,152.5C,5.2,SWING,STOP AT YOUR OWN RISK. LARGE BULLISH,0
09/09/2022 7:41 AM,MariaC82,IN,CL,10/21,80C,1.49,SWING,STOP AT YOUR OWN RISK. NO ALERT. JUST FOLLOWING FLOW I LIKE. SMALL POSITION. 100% RISK ,0
09/15/2022 9:32 AM,MariaC82,IN,GOLD,11/18,16C,0.7,SWING,STOP AT YOUR OWN RISK. REPEATER BULLISH ,0
09/19/2022 6:48 AM,MariaC82,IN,ZS,9/23,175C,3.3,SCALP,POSSIBLE SWING STOP AT YOUR OWN RISK. ROULETTE BULLISH. RISKY AF. DONT TAKE UNLESS WILLING TO LOSE ALL,1
09/19/2022 6:48 AM,MariaC82,IN,KR,10/21,49.5C,1.05,SWING,STOP AT YOUR OWN RISK. RAPIDFIRE AND SWIFT BULLISH,0
09/23/2022 8:09 AM,MariaC82,IN,EW,10/21,84C,3.9,SWING,STOP AT YOUR OWN RISK. SWIFT BULLISH.. SMALLLLL POSITION. WILLING TO LOSE ALL ,0
09/26/2022 6:44 AM,MariaC82,IN,ENPH,9/30,285C,11.05,SWING,POSSIBLE SCALP STOP AT YOUR OWN RISK. ROULETTE BULLISH. RISKY AF,0
09/26/2022 7:04 AM,MariaC82,IN,ZS,9/30,170C,2.35,SWING,POSSIBLE SCALP STOP AT YOUR OWN RISK. ROULETTE BULLISH. DONT TAKE UNLESS WILLING TO LOSE ALL,0
09/28/2022 9:10 AM,MariaC82,IN,DDOG,10/14,90C,4.85,SWING,STOP AT YOUR OWN RISK NO ALERT. JUST FOLLOWING SOME FLOW. DONT TRADE UNLESS WILLING TO RISK ALL. 100% RISK FOR ME ON THIS ONE ,0
10/03/2022 7:07 AM,MariaC82,IN,ZS,10/7,175C,1.97,SWING,STOP AT YOUR OWN RISK. ROULETTE BULLISH. DONT TAKE UNLESS WILLING TO LOSE ALL. 100% RISK ,1
10/04/2022 8:50 AM,MariaC82,IN,FSLR,12/16,175C,5.1,SWING,STOP AT YOUR OWN RISK. STEADY BULLISH Thread Follow up 41 Messages › There are no recent messages in this thread.,0
10/05/2022 10:13 AM,MariaC82,IN,ENPH,10/7,175C,1.1,SWING,POSSIBLE SCALP STOP AT YOUR OWN RISK. SMALL POSITION. 100% RISK,0
10/05/2022 10:13 AM,MariaC82,IN,ENPH,10/7,275C,1.1,SWING,STOP AT YOUR OWN RISK  CORRECTING STRIKE ON PREVIOUS POST. SHOULD HAVE SAID 275C NOT 175C. POSSIBLE SCALP STOP AT YOUR OWN RISK. SMALL POSITION. 100% RISK,0
10/06/2022 11:03 AM,MariaC82,IN,SNAP,10/21,12.5C,0.78,SWING,STOP AT YOUR OWN RISK. SWIFT BULLISH. 100% RISK. TRADE ACCORDINGLY,0
10/06/2022 12:48 PM,MariaC82,IN,LEN,10/21,81C,2.6,SWING,STOP AT YOUR OWN RISK STEADY BULLISH MariaC82,0
10/10/2022 7:27 AM,MariaC82,IN,FL,10/14,31C,1.3,SWING,POSSIBLE SCALP STOP AT YOUR OWN RISK. ROULETTE BULLISH. RISKY AF. TRADE ACCORDINGY ,0
10/10/2022 8:20 AM,MariaC82,IN,KO,11/18,60P,5.75,SWING,STOP AT YOUR OWN RISK REPEATER BEARISH. 100% RISK. DONT TAKE UNLESS WILLING TO LOSE ALL MariaC82,0
10/13/2022 7:08 AM,MariaC82,IN,CAT,12/16,195C,4.65,SWING,STOP AT YOUR OWN RISK. RAPIDFIRE & STEADY BULLISH ALERTS MariaC82,1
10/25/2022 6:50 AM,MariaC82,IN,PAGS,11/18,15C,1.25,SWING,STOP AT YOUR OWN RISK. RAPIDFIRE & SWIFT BULLISH FLOW ALERTS,0
11/22/2022 7:03 AM,MariaC82,IN,PYPL,12/2,80C,1.83,SWING,STOP AT YOUR OWN RISK. STEADY BULLISH ,1
12/01/2022 11:50 AM,MariaC82,IN,TQQQ,12/9,23C,1.43,SWING,STOP AT YOUR OWN RISK. NO ALERT. FOLLOWING FLOW. RISKY AF ,0
12/02/2022 9:53 AM,MariaC82,IN,SBUX,6/15,105C,9.6,SWING,STOP AT YOUR OWN RISK. LARGE & STEADY BULLISH ,0
12/05/2022 7:45 AM,MariaC82,IN,PYPL,12/9,76C,1.13,SWING,STOP AT YOUR OWN RISK. RAPIDFIRE BULLISH. RISKY AF. 100% RISK. DONT TAKE UNLESS WILLING TO LOSE ALL ,0
12/06/2022 8:21 AM,MariaC82,IN,VFC,1/24,37.5C,2.35,SWING,STOP AT YOUR OWN RISK. LARGE BULLISH/ALPHA GOLD. I PLAN ON HOLDING FOR A LONG TIME ,0
12/21/2022 6:54 AM,MariaC82,IN,WBD,1/6,9.5C,0.37,SWING,STOP AT YOUR OWN RISK CORRECTION TO PREVIOUS POST: THE TICKER IS WBD NOT WBC. SWIFT & RAPIDFIRE BULLISH. 100% RISK. DONT TAKE UNLESS WILLING TO LOSE ALL,1
12/28/2022 8:46 AM,MariaC82,IN,HOG,1/20,41C,1.4,SWING,STOP AT YOUR OWN RISK. WE ALERTED THE 1.6.2023 41Cs. FOLLOW UP FLOW INTO THE JAN 41Cs. I LIKE THE EXTRA TIME WITH THE JAN EXPWHICH IS WHY I TOOK THE JAN EXP. SMALL POSITION. 100% RISK ,0
12/28/2022 10:12 AM,MariaC82,IN,FIS,4/21,75C,2.8,SWING,STOP AT YOUR OWN RISK. LARGE BULLISH & ALPHA GOLD ,0
01/04/2023 11:05 AM,MariaC82,IN,M,3/17,24C,1.37,SWING,STOP AT YOUR OWN RISK. SWIFT BULLISH ,0
01/06/2023 7:24 AM,MariaC82,IN,MRVL,3/17,37.5C,2.43,SWING,STOP AT YOUR OWN RISK RAPIDFIRE BULLISH ,1
01/12/2023 6:58 AM,MariaC82,IN,LYFT,1/27,14.5C,0.53,SWING,STOP AT YOUR OWN RISK. RISKY AF. DONT TAKE UNLESS WILLING TO LOSE ALL. SWIFT & RAPIDFIRE BULLISH ,1
01/23/2023 12:38 PM,MariaC82,IN,ADI,1/27,172.5C,1.3,SWING,STOP AT YOUR OWN RISK ROULETTE BULLISH. COBRA. 100% RISK. DONT TAKE UNLESS WILLING TO LOSE ALL ,0
01/24/2023 9:16 AM,MariaC82,IN,PANW,3/17,170C,2.67,SWING,STOP AT YOUR OWN RISK. RAPIDFIRE BULLISH. COBRA. 100% RISK. DONT TAKE UNLESS WILLING TO LOSE ALL Thread everyone MariaC82 IN PANW 3 17 170C 2 3 Messages › There are no recent messages in this thread. ,1
01/26/2023 6:41 AM,MariaC82,IN,CRM,2/10,170C,1.24,SWING,STOP AT YOUR OWN RISK. LARGE BULLISH. 100% RISK. DONT TAKE UNLESS WILLING TO LOSE ALL ,1
01/27/2023 6:53 AM,MariaC82,IN,FTCH,2/10,7C,0.37,SWING,STOP AT YOUR OWN RISK. RAPIDFIRE & STEADY BULLISH. COBRA. 100%RISK ,1
01/27/2023 7:10 AM,MariaC82,IN,EBAY,7/21,50C,4.21,SWING,STOP AT YOUR OWN RISK. STEADY BULLISH ,0
01/30/2023 7:07 AM,MariaC82,IN,SHOP,2/3,45.5C,4.01,SWING,POSSIBLE SCALP STOP AT YOUR OWN RISK. ROULETTE AND LARGE BULLISHRISKY AF. COBRADONT TAKE UNLESS WILLING TO LOSE ALL ,1
02/01/2023 6:51 AM,MariaC82,IN,SNAP,1/19/2024,13C,1.71,SWING,STOP AT YOUR OWN RISK. REPEATER BULLISH. RISKY AF. YESTHIS BREAKS THE 3 DAY RULEBUT IM OK WITH IT B/C OF THE TIME BOUGHT ON THE CONTRACTS ,0
02/02/2023 6:36 AM,MariaC82,IN,AI,3/3,22C,3.8,SWING,STOP AT YOUR OWN RISK. STEADY BULLISH Thread AI 3/3 22c 7 Messages › There are no recent messages in this thread. ,1
02/02/2023 10:13 AM,MariaC82,IN,GM,4/21,50C,0.35,SWING,STOP AT YOUR OWN RISK. STEADY BULLISH. COBRA. 100% RISK. DONT TAKE UNLESS WILLING TO LOSE ALL ,0
02/03/2023 6:53 AM,MariaC82,IN,SNOW,7/21,235C,9.45,SWING,STOP AT YOUR OWN RISK. LARGE BULLISH. DONT TAKE UNLESS WILLING TO LOSE ALL ,0
02/03/2023 8:19 AM,MariaC82,IN,YEXT,2/17,10C,0.35,SWING,STOP AT YOUR OWN RISK. STEADY BULLISH. COBRA. DONT TAKE UNLESS WILLING TO LOSE ALL. 100% RISK ,0
02/06/2023 6:34 AM,MariaC82,IN,MSFT,8/18,265C,19.47,SWING,STOP AT YOUR OWN RISK. LARGE BULLISH & ALPHA GOLD. HIGH RISK. PLAY ACCORDINGLY ,1
02/06/2023 7:14 AM,MariaC82,IN,BBAI,6/16,10C,0.85,SWING,STOP AT YOUR OWN RISK. STEADY BULLISH. RISKY AF. DONT TAKE UNLESS WILLING TO LOSE ALL ,0
02/07/2023 12:28 PM,MariaC82,IN,ZI,3/17,30C,2.3,SWING,STOP AT YOUR OWN RISK. SWIFT BULLISH ,0
02/09/2023 8:00 AM,MariaC82,IN,NVDA,3/17,270C,4.5,SWING,STOP AT YOUR OWN RISK. LARGE BULLISH. SUPER RISKY AF. DONT TAKE UNLESS WILLING TO LOSE ALL. 100% RISK Thread NVDA 10 Messages › There are no recent messages in this thread. ,0
02/09/2023 12:07 PM,MariaC82,IN,CRM,3/17,190C,4.0,SWING,STOP AT YOUR OWN RISK. SWIFT BULLISH. RISKY.. ER RUN UP PLAY YouCanCallmeAL97 started a thread: NVDA . See all threads . — 02/10/2023 2:06 AM ,1
02/16/2023 6:55 AM,MariaC82,IN,DDD,3/17,12C,0.87,SWING,STOP AT YOUR OWN RISK. SWIFT BULLISH. RISKY AF. DONT TAKE UNLESS WILLING TO LOSE ALL ,0
02/27/2023 6:54 AM,MariaC82,IN,UPST,3/17,21C,0.59,SWING,STOP AT YOUR OWN RISK. SWIFT BULLISH. RISKY AF. DONT TAKE UNLESS WILLING TO LOSE ALL. 100% RISK ,0
02/27/2023 10:44 AM,MariaC82,IN,CUBE,4/21,50C,1.3,SWING,STOP AT YOUR OWN RISK. STEADY BULLISH ,0
03/07/2023 11:45 AM,MariaC82,IN,WW,1/17/2025,7.5C,3.0,SWING,STOP AT YOUR OWN RISK. NO FLOW. NO ALERT. FOLLOWING BASED ON NEWS. STARTER POSITION.. MIGHT BE LOOKING TO ADD THE JAN 2025 10Cs AT SOME POINT MariaC82 — 03/07/2023 11:47 AM,0
03/09/2023 11:15 AM,MariaC82,IN,AAPL,7/21,180C,1.96,SWING,STOP AT YOUR OWN RISK. SUPER RISKY AF. I LIKE THE FLOWBUT NOT NECESSARILY HOW FAR OTM THESE ARE. ONLY RISK WHAT YOURE WILLING TO LOSE ,0
03/10/2023 11:46 AM,MariaC82,IN,NUE,3/31,165C,3.78,SWING,STOP AT YOUR OWN RISK. SWIFT BULLISH: THIS IS A STARTER POSITION. MAY LOOK TO ADD LOWER IF WE GET AN OPPORTUNITY TO ,0
03/14/2023 12:40 PM,MariaC82,IN,AMZN,12/19/2025,110C,20.95,SWING,STOP AT YOUR OWN RISK. CALL ME CRAZYBUT I LIKE IT.. LARGE BULLISH/ALPHA GOLD. YESI WILL PROBABLY HOLD UNTIL CLOSE TO EXPIRATION. IF YOURE NOT WILLING TO DO THE SAMETHEN THIS IS NOT THE TRADE FOR YOU ,0
03/16/2023 7:22 AM,MariaC82,IN,TSM,3/17,86C,1.3,SWING,POSSIBLE SCALP STOP AT YOUR OWN RISK. ROULETTE BULLISH. RISKY AF. DONT TAKE UNLESS WILLING TO LOSE ALL ,1
03/16/2023 11:48 AM,MariaC82,IN,TSM,5/19,90C,5.05,SWING,STOP AT YOUR OWN RISK. LARGE BULLISH. RISKY TRADE ,1
03/17/2023 8:10 AM,MariaC82,IN,HOG,3/24,37C,1.15,SWING,STOP AT YOUR OWN RISK. SWIFT BULLISH ,1
03/20/2023 6:51 AM,MariaC82,IN,PAAS,4/21,21C,0.4,SWING,STOP AT YOUR OWN RISK. SWIFT BULLISH. RISKY AF. DONT TAKE UNLESS WILLING TO LOSE ALL ,0
03/20/2023 7:01 AM,MariaC82,IN,GOLD,4/21,21C,0.25,SWING,STOP AT YOUR OWN RISK. REPEATER BULLISH. ANOTHER YOLO. RISKY AF. DONT TAKE UNLESS WILLING TO LOSE ALL MariaC82 — 03/20/2023 7:04 AM,0
03/23/2023 6:48 AM,MariaC82,IN,ONON,7/21,35C,1.5,SWING,STOP AT YOUR OWN RISK. REPEATER BULLISH. SMALL POSITION ,0
03/24/2023 11:59 AM,MariaC82,IN,SHOP,5/19,50C,2.53,SWING,STOP AT YOUR OWN RISK. LARGE BULLISH & ALPHA GOLD Thread SHOP 5/19 50C 19 Messages › There are no recent messages in this thread. YouCanCallmeAL97 started a thread: SHOP 5/19 50C . See all threads . — 03/27/2023 2:11 PM ,1
03/29/2023 6:55 AM,MariaC82,IN,CCJ,9/15,32C,1.05,SWING,STOP AT YOUR OWN RISK. SWIFT BULLISH & ALPHA GOLD ,0
03/29/2023 7:05 AM,MariaC82,IN,BOX,5/19,26C,1.25,SWING,STOP AT YOUR OWN RISK. STEADY BULLISH ,0
03/29/2023 9:43 AM,MariaC82,IN,LULU,4/21,380C,5.22,SWING,STOP AT YOUR OWN RISK. STEADY BULLISH INTO THE APRIL 400Cs.. THOSE WERE TOO FAR OTM FOR ME SO I TOOK THE APRIL 380Cs INSTEAD. RISKY AF. DONT TAKE UNLESS WILLING TO LOSE ALL ,0
03/30/2023 9:54 AM,MariaC82,IN,ULTA,1/19/2024,540C,64.85,SWING,STOP AT YOUR OWN RISK. SUPER RISKY AF. LARGE & SWIFT BULLISH. ALSO AN ALPHA GOLD. THESE CONTRACTS ARE SUPER EXPENSIVE AND I'M EXPECTING THEM TO MOVE AROUND A LOT. IM ALSO COMFORTABLE HOLDING THESE UNTIL CLOSE TO EXPIRATION IF NEEDED. DO NOT TAKE THIS TRADE IF YOURE NOT WILLING TO LOSE ON IT ,1
03/30/2023 11:20 AM,MariaC82,IN,UNH,6/16,470C,22.6,SWING,STOP AT YOUR OWN RISK. RAPIDFIRE BULLISH FLOW ALERT ,1
04/05/2023 10:22 AM,MariaC82,IN,ZS,7/21,125C,4.86,SWING,STOP AT YOUR OWN RISK. RAPIDFIRE BULLISH. RISKIER TRADE ,0
04/10/2023 7:00 AM,MariaC82,IN,MRVL,6/16,40C,3.5,SWING,STOP AT YOUR OWN RISK. RAPIDFIRE BULLISH FLOW ALERT ,1
04/11/2023 6:57 AM,MariaC82,IN,CAT,8/18,260C,3.5,SWING,STOP AT YOUR OWN RISK. SWIFT AND RAPIDFIRE BULLISH FLOW ALERTS ,0
04/14/2023 6:47 AM,MariaC82,IN,NET,4/28,64C,5.1,SWING,STOP AT YOUR OWN RISK. SWIFT BULLISH. RISKY AF. DONT TAKE UNLESS WILLING TO LOSE ALL ,0
04/14/2023 10:47 AM,MariaC82,IN,NVDA,6/16,242.5C,35.1,SWING,STOP AT YOUR OWN RISK **LARGE BULLISH & ALPHA GOLD. SHOULD CATCH ANY RUN UP TO ER. THIS IS A SPECULATIVE TRADE AND AN EXPENSIVE CONTRACT. DONT TAKE THIS IF YOU CANT HANDLE THE MOVES OR CANT TAKE A LARGER LOSS (IF NEEDED) ,1
04/17/2023 10:04 AM,MariaC82,IN,UBER,8/18,35C,2.28,SWING,STOP AT YOUR OWN RISK. LARGE BULLISH. RISKY AF. DONT TAKE UNLESS YOURE WILLING TO RISK ALL ,1
04/25/2023 7:30 AM,MariaC82,IN,PHG,10/20,25C,0.75,SWING,STOP AT YOUR OWN RISK. STEADY BULLISH ,0
04/26/2023 9:45 AM,MariaC82,IN,ROST,6/16,105C,5.4,SWING,STOP AT YOUR OWN RISK. STEADY BULLISH ,0
05/01/2023 12:52 PM,MariaC82,IN,PANW,6/21/2024,195C,27.2,SWING,STOP AT YOUR OWN RISK. LARGE BULLISH/ALPHA GOLD. ONLY BOUGHT 2 CONTRACTS. 1 FILLED @27.201 FILLED @27.15. DONT TAKE UNLESS YOURE WILLING TO HOLD FOR A LONG TIME ,0
05/10/2023 10:58 AM,MariaC82,IN,GOOGL,8/18,115C,5.3,SWING,STOP AT YOUR OWN RISK. LARGE BULLISH ,1
05/12/2023 12:02 PM,MariaC82,IN,SBUX,10/20,110C,5.85,SWING,STOP AT YOUR OWN RISK SWIFT BULLISH AND ALPHA GOLD ,0
05/17/2023 7:39 AM,MariaC82,IN,DIS,6/2024,110C,6.6,SWING,STOP AT YOUR OWN RISK. SWIFT BULLISH. SUPER SMALL POSITION. DONT TAKE UNLESS YOURE WILLING TO HOLD INTO NEXT YEAR ,0
05/19/2023 7:22 AM,MariaC82,IN,GOOG,6/23,132C,1.58,SWING,STOP AT YOUR OWN RISK STEADY BULLISH Thread everyone MariaC82 IN GOOG 6 23 132C 1 5 Messages › There are no recent messages in this thread. ,0
05/24/2023 9:03 AM,MariaC82,IN,PFE,1/2024,50C,0.45,SWING,STOP AT YOUR OWN RISK RAPIDFIRE BULLISH ,0
05/25/2023 9:42 AM,MariaC82,IN,TSM,10/20,105C,8.13,SWING,STOP AT YOUR OWN RISK. REPEATER BULLISH ,0
06/02/2023 6:46 AM,MariaC82,IN,BA,9/15,215C,13.7,SWING,STOP AT YOUR OWN RISK. LARGE BULLISH & ALPHA GOLD. RISKIER TRADE Thread BA 9/15-215C-13.7 5 Messages › There are no recent messages in this thread. masterwayne started a thread: everyone MariaC82 OUT ZS 7 20 125c 17 . See all threads . — 06/02/2023 8:09 AM ,0
06/05/2023 6:33 AM,MariaC82,IN,AAPL,7/21,180C,7.55,SWING,STOP AT YOUR OWN RISK. OUT OF ALL: 7.55 FROM: 1.96 Who'sGotMyMoney? started a thread: BA 9/15-215C-13.7 . See all threads . — 06/06/2023 7:15 PM ,0
06/07/2023 7:07 AM,MariaC82,IN,PLTR,1/2024,25C,1.65,SWING,STOP AT YOUR OWN RISK. REPEATER BULLISH. RISKY AF: THIS IS NOT THE FLOW I WOULD TYPICALLY FOLLOWBUT I LIKE THE NAME. DONT TAKE UNLESS WILLING TO LOSE ALL ,0
06/08/2023 12:42 PM,mariac82,IN,AXP,10/20,180C,7.4,SWING,STOP AT YOUR OWN RISK. LARGE BULLISH & ALPHA GOLD ,0
06/09/2023 6:45 AM,mariac82,IN,SHOP,7/21,70C,1.3,SWING,STOP AT YOUR OWN RISK. RAPIDFIRE BULLISH. SUPER RISKY AF. 100% RISK. DONT TAKE UNLESS WILLING TO LOSE ALL ,1
06/12/2023 6:44 AM,mariac82,IN,MRVL,6/23,62.5C,1.77,SWING,STOP AT YOUR OWN RISK. STEADY & RAPIDFIRE BULLISH ,0
06/27/2023 6:42 AM,mariac82,IN,AMZN,9/15,145C,2.77,SWING,STOP AT YOUR OWN RISK. LARGE BULLISH/ALPHA GOLD. 100% RISK ,1
06/29/2023 7:37 AM,mariac82,IN,FDX,7/14,255C,2.58,SWING,STOP AT YOUR OWN RISK. NO ALERT ON THIS ONEBUT I LIKE THE FLOW. SUPER SMALL POSITION. 100% RISK ,1
07/06/2023 11:57 AM,mariac82,IN,RUN,8/4,18C,1.0,SWING,STOP AT YOUR OWN RISK. STEADY BULLISH/ER RUN UP PLAY ,0
07/07/2023 9:02 AM,mariac82,IN,FSLR,7/21,200C,3.2,SWING,STOP AT YOUR OWN RISK ,1
07/07/2023 10:22 AM,mariac82,IN,CROX,8/18,135C,2.3,SWING,STOP AT YOUR OWN RISK.  STEADY BULLISH.. SUPER RISKY AF. HERO OR ZERO ON THIS ONE. DONT TAKE UNLESS YOURE WILLING TO LOSE ALL ,0
07/10/2023 10:27 AM,mariac82,IN,CRM,7/21,220C,1.3,SWING,STOP AT YOUR OWN RISK. NO ALERT. SAW A LITTLE BIT OF FLOW THAT I LIKED. DON'T TAKE UNLESS WILLING TO LOSE ALL. 100% RISK ,1
07/10/2023 12:50 PM,mariac82,IN,CRM,11/17,230C,9.3,SWING,STOP AT YOUR OWN RISK. FILLED AT 9.30 & 9.35. LARGE BULLISH & ALPHA GOLD ,1
07/12/2023 9:59 AM,mariac82,IN,PANW,9/15,270C,3.95,SWING,STOP AT YOUR OWN RISK. NO ALERT ON THIS ONE. NICE SIZED OPENING SWEEP INTO THIS LINE THAT I'M FOLLOWING. DONT TAKE UNLESS WILLING TO RISK ALL ,0
07/13/2023 8:08 AM,mariac82,IN,ORCL,7/14,118C,0.5,SWING,POSSIBLE SCALP STOP AT YOUR OWN RISK. ROULETTE BULLISH. 100% RISK. THIS WILL EITHER WORK OR BE A 100% LOSS. DONT TRADE UNLESS YOURE WILLING TO LOSE ALL ,0
07/13/2023 9:44 AM,mariac82,IN,DDOG,7/28,120C,1.19,SWING,STOP AT YOUR OWN RISK. SWIFT BULLISH. RISKY AF ,0
07/17/2023 8:09 AM,mariac82,IN,PATH,8/4,19.5C,0.75,SWING,STOP AT YOUR OWN RISK. STEADY BULLISH. SMALL POSITION. 100% RISK ON THIS ONE. DONT TAKE UNLESS WILLING TO LOSE ALL ,0
07/17/2023 9:41 AM,mariac82,IN,SEDG,7/28,290C,7.05,SWING,STOP AT YOUR OWN RISK. NO ALERT ON THIS ONE. NICE LOOKING SWEEP CAME IN. I'M LOOKING TO PLAY A POSSIBLE RUN UP TO ER ,0
07/19/2023 7:36 AM,mariac82,IN,CPRI,11/17,42.5C,2.3,SWING,STOP AT YOUR OWN RISK. LARGE BULLISH. RISKY ,0
07/19/2023 8:53 AM,mariac82,IN,MLCO,1/19/2024,12C,2.68,SWING,STOP AT YOUR OWN RISK. LARGE BULLISH ,0
07/19/2023 10:09 AM,mariac82,IN,ETSY,8/4,100C,4.55,SWING,STOP AT YOUR OWN RISK. NO ALERT ON THIS ONE. COMPLETE YOLO/ER RUN UP. 100% RISK. DONT TAKE UNLESS WILLING TO LOSE ALL ,0
07/20/2023 8:55 AM,mariac82,IN,OKTA,11/18,80C,4.4,SWING,STOP AT YOUR OWN RISK. NO ALERT ON THIS ONE. COMPLETE YOLO/ER RUN UP. 100% RISK. DONT TAKE UNLESS WILLING TO LOSE ALL MariaC82 — 07/20/2023 8:57 AM,0
07/20/2023 9:55 AM,mariac82,IN,ALLY,9/15,30C,0.98,SWING,STOP AT YOUR OWN RISK. NO ALERT ON THIS ONE. I JUST LIKE THE FLOW THAT CAME IN. HIGHER RISK TRADE ,0
07/26/2023 9:17 AM,mariac82,IN,CVNA,7/28,45C,1.3,SWING,STOP AT YOUR OWN RISK. ROULETTE BULLISH. 100% RISK. THIS WILL EITHER MAKE MONEY OR I WILL LET IT EXPIRE WORTHLESS. DONT TAKE UNLESS WILLING TO LOSE ALL ,0
07/27/2023 6:55 AM,mariac82,IN,HIMS,1/2025,10C,2.35,SWING,AT YOUR OWN RISK NO ALERT. NICE LINE OF FLOW HERE ,0
08/01/2023 7:08 AM,mariac82,IN,CAT,9/15,310C,2.02,SWING,STOP AT YOUR OWN RISK. CORRECTING PREVIOUS POST: STRIKE IS 310 NOT 315. STOP AT YOUR OWN RISK. SUPER RISKY AF. 100% RISK. NO ALERTJUST FOLLOWING A DECENT ORDER. DONT TAKE UNLESS WILLING TO LOSE ALL ,0
08/04/2023 6:44 AM,mariac82,IN,MSFT,8/25,330C,9.75,SWING,STOP AT YOUR OWN RISK. LARGE BULLISH & ALPHA GOLD ,0
08/04/2023 9:43 AM,mariac82,IN,NOW,8/11,580C,2.5,SWING,STOP AT YOUR OWN RISK REPEATER & SWIFT BULLISH FLOW ALERTS. RISKIER TRADE. DONT TAKE IT UNLESS YOURE WILLING TO LOSE IT ALL ,0
08/07/2023 7:09 AM,mariac82,IN,CRM,10/20,240C,5.0,SWING,STOP AT YOUR OWN RISK. NO ALERT. DECENT OPENING LINE IN THE FLOW. RISKY AF. 100% RISK. DONT TAKE UNLESS WILLING TO LOSE ALL ,0
08/08/2023 8:18 AM,mariac82,IN,NET,9/22,80C,1.17,SWING,STOP AT YOUR OWN RISK. STEADY & REPEATER BULLISH. RISKY AF ,0
08/08/2023 11:15 AM,mariac82,IN,RUN,8/11,17.5C,0.43,SWING,STOP AT YOUR OWN RISK. SWIFT & RAPIDFIRE BULLISH. SUPER RISKY AF. 100% RISK ,1
08/10/2023 8:33 AM,mariac82,IN,C,12/15,44C,3.28,SWING,STOP AT YOUR OWN RISK. LARGE BULLISH EARLIER THIS MORNING. WE ALSO ALERTED TEH DEC 40Cs. I LIKE THE 44Cs BETTER AND AM GOING WITH THAT STRIKE. PLEASE DONT TAKE THIS TRADE UNLESS YOURE WILLING TO LOSE IT ALL. BANKS AND I SOMETIMES DONT GET ALONG ,1
08/11/2023 12:44 PM,mariac82,IN,FDX,1/19,290C,11.07,SWING,STOP AT YOUR OWN RISK. LARGE BULLISH & ALPHA GOLD ,0
08/17/2023 10:03 AM,mariac82,IN,AAPL,9/29,180C,3.4,SWING,STOP AT YOUR OWN RISK. LARGE BULLISH/ALPHA GOLD. RISKIER TRADE ,1
08/21/2023 7:16 AM,mariac82,IN,PYPL,9/29,65C,0.93,SWING,STOP AT YOUR OWN RISK. RAPIDFIRE & STEADY BULLISH. SUPER RISKY AF. THIS WILL EITHER WORK OR IT WONT. 100% RISK. DONT TAKE UNLESS YOURE WILLING TO LOSE ALL ,0
08/25/2023 7:46 AM,mariac82,IN,QQQ,1/8/25,358P,0.95,SCALP,STOP AT YOUR OWN RISK. SUPER RISKY AF TRADE. A COBRA. IT MIGHT WORKIT MIGHT NOT. IF YOU DONT WANT TO LOSEDONT TAKE IT ,0
08/28/2023 6:43 AM,mariac82,IN,GOOGL,9/29,142C,1.0,SWING,STOP AT YOUR OWN RISK. STEADY & RAPIDFIRE BULLISH. THIS ONE IS PROB GOING TO BE VOLATILE. I'M OK WITH IT MOVING AROUND. 100% RISK. IF YOURE NOT OKWITH THATDONT TAKE IT PLEASE ,0
08/30/2023 6:54 AM,mariac82,IN,WIX,10/20,95C,5.0,SWING,STOP AT YOUR OWN RISK. STEADY BULLISH ,0
09/01/2023 6:43 AM,mariac82,IN,UNH,10/20,490C,9.75,SWING,STOP AT YOUR OWN RISK. SUPER RISKY AF. TECHNICAL PLAY. I LIKE THIS AREA FOR A POTENTIAL BOUNCE AND AM OK IF I'M A LITTLE AND WE SEE MORE DOWNSIDE FIRST. THIS IS 100% RISK/COBRA. DONT TAKE THIS UNLESS YOURE WILLING TO LOSE ALL ,1
09/01/2023 10:56 AM,mariac82,IN,OKTA,9/29,95C,0.87,SWING,STOP AT YOUR OWN RISK. STEADY BULLISH. 100% RISK ,0
09/07/2023 7:14 AM,mariac82,IN,AMZN,9/8,138C,0.28,SWING,POSSIBLE SCALP STOP AT YOUR OWN RISK. ROULETTE BULLISH. SUPER RISKY AF. DONT TAKE UNLES WILLING TO LOSE ALL ,1
09/11/2023 10:26 AM,mariac82,IN,QQQ,9/12,377C,0.9,SWING,STOP AT YOUR OWN RISK. NO ALERT. JUST A COBRA. 100% RISK. NO STOP ,1
09/11/2023 11:07 AM,mariac82,IN,MDB,11/17,450C,10.55,SWING,STOP AT YOUR OWN RISK. FOLLOWING FLOW. NO ALERT ,0
09/12/2023 6:42 AM,mariac82,IN,TTWO,9/15,146C,1.15,SWING,STOP AT YOUR OWN RISK. NO ALERT. JUST FOLLOWING FLOW. RISKY AF. DONT TAKE UNLESS WILLING TO LOSE ALL ,0
09/12/2023 12:58 PM,mariac82,IN,U,9/15,40.5C,0.45,SWING,STOP AT YOUR OWN RISK. RAPIDFIRE BULLISH FLOW ALERT. RISKY AF ,0
09/13/2023 7:33 AM,mariac82,IN,SE,10/13,40C,1.22,SWING,STOP AT YOUR OWN RISK. LARGE BULLISH & STEADY BULLISH ,1
09/18/2023 7:15 AM,mariac82,IN,AAPL,9/29,180C,1.59,SWING,POSSIBLE SCALP STOP AT YOUR OWN RISK. REPEATER BULLISH ,1
09/18/2023 8:21 AM,mariac82,IN,TEAM,9/22,207.5C,3.4,SWING,POSSIBLE SCALP STOP AT YOUR OWN RISK. NO ALERT. JUST FOLLOWING FLOW ,0
09/27/2023 8:15 AM,mariac82,IN,PANW,11/17,230C,14.0,SWING,STOP AT YOUR OWN RISK. CORRECTING PREVIOUS POST: THE STRIKE IS 230 NOT 330. NO ALERT. JUST FOLLOWING FLOW ,1
09/28/2023 7:12 AM,mariac82,IN,AMZN,11/17,125C,7.53,&,7.55 SWING STOP AT YOUR OWN RISK. NO ALERT. POTENTIAL ER RUN UP PLAY ,1
09/28/2023 8:46 AM,mariac82,IN,RUN,11/17,15C,0.61,SWING,STOP AT YOUR OWN RISK. NO ALERT. JUST FOLLOWING ALERT. A LITTLE BIT FURTHER OTM THAN I'D LIKEBUT LETS SEE WHAT HAPPENS ,0
09/28/2023 11:21 AM,mariac82,IN,ABT,2/16,105C,3.1,SWING,STOP AT YOUR OWN RISK. LARGE BULLISH/ALPHA GOLD ,0
09/29/2023 7:41 AM,mariac82,IN,DELL,10/20,71.5C,1.4,SWING,STOP AT YOUR OWN RISK. CORRECTING PREVIOUS POST. THE STRIKE IS 71.5 NOT 180. LARGE BULLISH ,0
10/02/2023 10:26 AM,mariac82,IN,SNAP,11/17,12C,0.21,SWING,STOP AT YOUR OWN RISK. STEADY BULLISH FLOW ,1
10/03/2023 9:08 AM,mariac82,IN,CCL,4/19,13C,2.22,SWING,STOP AT YOUR OWN RISK. SWIFT & REPEATER BULLISH ,0
10/04/2023 8:37 AM,mariac82,IN,RUN,11/17,10C,1.29,SWING,STOP AT YOUR OWN RISK. SWIFT & RAPIDFIRE BULLISH. I STILL HAVE THE NOVEMBER 15CS AS WELL. I LIKE THIS STRIKE BETTER THAN THE 15S. HOLDING BOTH FOR NOW ,1
10/04/2023 12:22 PM,mariac82,IN,EWZ,10/6,30C,0.09,SWING,STOP AT YOUR OWN RISK. NO ALERTJUST FOLLOWING FLOW. COBRA. TREAT ACCORDINGLY ,0
10/12/2023 8:15 AM,mariac82,IN,AXTA,1/19,30C,0.8,SWING,STOP AT YOUR OWN RISK NOT AN ALERT. JUST FOLLOWING FLOW ,0
10/12/2023 8:55 AM,mariac82,IN,CL,10/20,70C,0.54,SWING,STOP AT YOUR OWN RISK. STEADY BULLISH ,1
10/16/2023 8:21 AM,mariac82,IN,SHOP,2/16,65C,2.96,SWING,STOP AT YOUR OWN RISK. SWIFT BULLISH ,1
10/17/2023 8:51 AM,mariac82,IN,CL,5/17,75C,3.3,SWING,STOP AT YOUR OWN RISK. STEADY BULLISH ,0
10/23/2023 8:59 AM,mariac82,IN,BLMN,11/17,25C,0.6,SWING,STOP AT YOUR OWN RISK. NO ALERT. COBRA. JUST FOLLOWING SOME FLOW. ER CONFIRMED FOR 11.3.2023 ,0
10/31/2023 6:56 AM,mariac82,IN,GLD,11/10,183C,3.8,SWING,STOP AT YOUR OWN RISK. COBRA. NO ALERT. FOLLOWING FLOW ,0
11/03/2023 8:22 AM,mariac82,IN,ENPH,1/19,80C,9.5,SWING,STOP AT YOUR OWN RISK. NO ALERT. JUST FOLLOWING FLOW. THIS ONE HAS BEEN GETTING BEATEN UP FOR A WHILE. ALTHOUGHITS NOT MY FAVORITE SPOT ON THE CHARTI'M WILLING TO RISK IT TO SEE IF THE FLOW WORKS. TRADE ACCORDINGLY ,1
11/06/2023 9:50 AM,mariac82,IN,LYV,1/19,87.5C,4.35,SWING,STOP AT YOUR OWN RISK. NO ALERT. JUST FOLLOWING FLOW ,0
11/13/2023 10:12 AM,mariac82,IN,GT,11/17,13.5C,0.3,SWING,STOP AT YOUR OWN RISK. SWIFT BULLISH. COBRA. TRADE ACCORDINGLY ,1
11/13/2023 10:56 AM,mariac82,IN,AMZN,12/29,150C,2.74,SWING,STOP AT YOUR OWN RISK. SWIFT BULLISH. ALPHA GOLD ,1
11/14/2023 7:28 AM,mariac82,IN,PFE,1/17/2025,35C,1.55,SWING,STOP AT YOUR OWN RISK. REPEATER BULLISH ,0
11/15/2023 6:40 AM,mariac82,IN,TGT,3/15,135C,6.6,SWING,STOP AT YOUR OWN RISK. NO ALERT. POST ER PLAY. THIS ONE COULD GET VOLATILE. TRADE ACCORDINGLY ,0
11/16/2023 6:44 AM,mariac82,IN,MSFT,11/17,375C,1.55,SWING,POSSIBLE SCALP STOP AT YOUR OWN RISK. REPEATER BULLISH. COBRA ,1
11/17/2023 6:43 AM,mariac82,IN,GPS,3/15,17C,1.9,SWING,STOP AT YOUR OWN RISK. NOT A FLOW PLAY. POST ER PLAY. THIS ONE CAN BE A LITTLE TRICKY TO TRADE. PLEASE TRADE ACCORDINGLY ,0
11/17/2023 6:54 AM,mariac82,IN,SHOP,11/24,73C,0.31,SWING,STOP AT YOUR OWN RISK. STEADY BULLISH. COBRA ,0
11/17/2023 7:24 AM,mariac82,IN,ELF,12/1,115C,5.1,SWING,STOP AT YOUR OWN RISK. STEADY BULLISH. SMALL POSITION ,1
11/20/2023 10:11 AM,mariac82,IN,QCOM,12/22,130C,3.19,SWING,STOP AT YOUR OWN RISK. STEADY BULLISH ,1
11/21/2023 10:43 AM,mariac82,IN,AMZN,12/1,142C,3.5,SWING,STOP AT YOUR OWN RISK. LARGE BULLISH,1
11/28/2023 7:28 AM,mariac82,IN,W,3/15,60C,6.25,SWING,STOP AT YOUR OWN RISK. NO ALERT. JUST FOLLOWING FLOW. TRADE ACCORDINGLY,1
11/29/2023 11:10 AM,mariac82,IN,VFC,6/21,20C,1.6,SWING,STOP AT YOUR OWN RISK NO ALERT. JUST FOLLOWING FLOW,0
11/29/2023 12:32 PM,mariac82,IN,MRK,4/19,110C,1.82,SWING,STOP AT YOUR OWN RISK. LARGE BULLISH/ALPHA GOLD. SMALL POSITION,0
11/30/2023 9:40 AM,mariac82,IN,GOOG,12/1,134C,0.4,SWING,POSSIBLE SCALP STOP AT YOUR OWN RISK. COBRA. NO ALERT. JUST FOLLOWING FLOW. THIS WILL EITHER WORK OR IT WONT. TRADE ACCORDINGLY,0
11/30/2023 9:55 AM,mariac82,IN,SHOP,1/19,72C,5.0,SWING,STOP AT YOUR OWN RISK. REPEATER BULLISH,1
12/01/2023 7:23 AM,mariac82,IN,GTLB,1/17/2025,65C,9.4,SWING,STOP AT YOUR OWN RISK. NO ALERT. JUST FOLLOWING FLOW,1
12/01/2023 8:32 AM,mariac82,IN,CRM,12/8,260C,3.55,SWING,STOP AT YOUR OWN RISK. NO ALERT. FOLLOWING FLOW,0
12/01/2023 8:32 AM,mariac82,IN,ASO,12/8,55C,1.2,SWING,STOP AT YOUR OWN RISK. STEADY BULLISH,0
12/04/2023 7:08 AM,mariac82,IN,DDOG,3/15,140C,3.6,SWING,STOP AT YOUR OWN RISK. SWIFT/RAPIDFIRE BULLISH ON THE MARCH 160CS. THOSE ARE A LITTLE TOO FAR OTM FOR ME SO IM GOING WITH THE 140CS INSTEAD,0
12/04/2023 9:11 AM,mariac82,IN,SPOT,12/15,210C,1.2,SWING,STOP AT YOUR OWN RISK. STEADY BULLISH,0
12/04/2023 10:38 AM,mariac82,IN,LYFT,12/8,13C,0.4,SWING,STOP AT YOUR OWN RISK. ROULETTE BULLISH. COBRA. PLEASE TRADE ACCORDINGLY,0
12/04/2023 12:26 PM,mariac82,IN,TGT,1/19,140C,2.11,SWING,STOP AT YOUR OWN RISK. REPEATER BULLISH,1
12/05/2023 6:58 AM,mariac82,IN,M,12/15,17.5C,0.37,SWING,AT YOUR OWN RISK. STEADY BULLISH. COBRA. TRADE ACCORDINGLY,1
12/06/2023 6:38 AM,mariac82,IN,SHOP,12/8,73C,1.64,SWING,POSSIBLE SCALP STOP AT YOUR OWN RISK. NO ALERT. JUST FOLLOWING FLOW. COBRA. TRADE ACCORDINGLY,0
12/06/2023 7:01 AM,mariac82,IN,DAL,4/19,45C,1.31,SWING,STOP AT YOUR OWN RISK. LARGE BULLISH/ALPHA GOLD,0
12/06/2023 7:22 AM,mariac82,IN,VEEN,6/21,200C,13.5,SWING,STOP AT YOUR OWN RISK. NO ALERT. JUST FOLLOWING FLOW. VEEV REPORTS TONIGHT. HOWEVER THE BUYER INTENDS ON HOLDING FOR LONGER THAN JUST A PLAY ON TODAY'S ER. ALSO THIS ONE IS THINLY TRADED. EXPECT THE CONTRACTS TO MOVE WEIRD,0
12/06/2023 7:22 AM,mariac82,IN,VEEV,6/21,200C,13.5,SWING,STOP AT YOUR OWN RISK. CORRECTING TICKER: VEEV NOT VEEN. NO ALERT. JUST FOLLOWING FLOW. VEEV REPORTS TONIGHT. HOWEVER THE BUYER INTENDS ON HOLDING FOR LONGER THAN JUST A PLAY ON TODAY'S ER. ALSO THIS ONE IS THINLY TRADED. EXPECT THE CONTRACTS TO MOVE WEIRD,0
12/07/2023 8:11 AM,mariac82,IN,MRVL,3/15,52.5C,4.7,SWING,STOP AT YOUR OWN RISK. STEADY BULLISH,1
12/07/2023 11:03 AM,mariac82,IN,HSY,1/5,190C,5.7,SWING,STOP AT YOUR OWN RISK. RAPIDFIRE & SWIFT BULLISH,0
12/08/2023 9:21 AM,mariac82,IN,FDX,12/15,272.5C,2.92,SWING,STOP AT YOUR OWN RISK. NO ALERT. JUST FOLLOWING FLOW. COBRA. TRADE ACCORDINGLY,1
12/11/2023 6:43 AM,mariac82,IN,PENN,12/15,25.5C,0.28,SWING,STOP AT YOUR OWN RISK. ROULETTE BULLISH. COBRA. TRADE ACCORDINGLY,1
12/12/2023 10:59 AM,mariac82,IN,TSM,3/15,100C,6.8,SWING,STOP AT YOUR OWN RISK. REPEATER BULLISH,0
12/13/2023 10:28 AM,mariac82,IN,WW,12/22,7C,0.5,SWING,STOP AT YOUR OWN RISK. STEADY BULLISH. COBRA. TRADE ACCORDINGLY,1
12/14/2023 6:53 AM,mariac82,IN,FIGS,4/19,10C,0.4,SWING,STOP AT YOUR OWN RISK STEADY BULLISH. MORE OF A COBRA PLAY,0
12/14/2023 7:43 AM,mariac82,IN,GT,4/19,16C,1.15,SWING,STOP AT YOUR OWN RISK. LARGE BULLISH/SWIFT BULLISH,0
12/14/2023 7:52 AM,mariac82,IN,ULTA,12/22,510C,2.35,SWING,STOP AT YOUR OWN RISK. NO ALERT. EXTREME COBRA. SMALL SWEEP CAME THROUGH IN THIS LINE. PLEASE TRADE ACCORDINGLY,0
12/15/2023 7:16 AM,mariac82,IN,U,1/5,40C,1.87,SWING,STOP AT YOUR OWN RISK. NO ALERT.. JUST FOLLOWING FLOW. MORE OF A COBRA... TRADE ACCORDINGLY,0
12/15/2023 7:39 AM,mariac82,IN,UNH,1/19,540C,12.55,SWING,STOP AT YOUR OWN RISK. NO ALERT. ER RUN UP PLAY. THESE CONTRACTS MAY MOVE AROUND A LOT. TRADE ACCORDINGLY,0
12/15/2023 7:39 AM,mariac82,IN,UNH,1/19,530C,12.55,SWING,STOP AT YOUR OWN RISK. CORRECTION TO ORIGINAL POST: THE STRIKE IS 530 NOT 540,0
12/15/2023 10:26 AM,mariac82,IN,PINS,2/14,41C,1.28,SWING,STOP AT YOUR OWN RISK. NO ALERT BUT DECENT FLOW,0
12/18/2023 6:57 AM,mariac82,IN,ORCL,2/16,110C,2.41,SWING,STOP AT YOUR OWN RISK. RAPIDFIRE BULLISH,0
12/18/2023 11:35 AM,mariac82,IN,MSFT,1/19,377.5C,7.09,SWING,STOP AT YOUR OWN RISK. LARGE BULLISH/ALPHA GOLD EARLIER TODAY,0
12/19/2023 8:04 AM,mariac82,IN,PYPL,1/5,66C,0.85,SWING,STOP AT YOUR OWN RISK. NO ALERT. JUST FOLLOWING FLOW. COBRA. PLS TRADE ACCORDINGLY,0
12/19/2023 10:06 AM,mariac82,IN,LVS,1/26,51C,1.24,SWING,STOP AT YOUR OWN RISK LARGE BULLISH SWIFT BULLISH RAPIDIFRE BULLISH AND ALPHA GOLD,0
12/20/2023 6:55 AM,mariac82,IN,CVS,12/22,79C,0.33,SWING,POSSIBLE SCALP STOP AT YOUR OWN RISK. EXTREME COBRA. STEADY BULLISH. TRADE ACCORDINGLY,0
12/20/2023 11:18 AM,mariac82,IN,C,3/15,55C,1.1,SCALP,STOP AT YOUR OWN RISK. RAPIDFIRE BULLISH,0
